"baseMean","log2FoldChange","lfcSE","stat","pvalue","padj","Amel_gene_ID"
258.711900338434,-1.85886021065226,0.320833869801684,-5.79384031929444,6.8794871345214e-09,2.2058115285741e-07,"GB40007"
425.316130169252,-2.53807881929734,0.260223028360129,-9.75347506825887,1.78259489372647e-22,2.10068390463298e-20,"GB40008"
935.586873555873,-2.66246494884673,0.283673283444987,-9.38567395742454,6.25153379646719e-21,6.23367227133443e-19,"GB40009"
3198.9325198596,-2.45438102943615,0.263943210053105,-9.29889815669946,1.41908609526187e-20,1.38410928696742e-18,"GB40010"
6135.47300074239,-2.18431072937111,0.174239523172208,-12.5362529098077,4.7282915762805e-36,9.75102676435665e-34,"GB40021"
240.439534358788,-0.85475086593238,0.216929947244802,-3.94021607799409,8.14082491997468e-05,0.00116882666651662,"GB40061"
257.523539439243,-0.750311375428779,0.214556215267466,-3.49703864086826,0.000470453682897082,0.00559488429699622,"GB40083"
798.15041022158,-0.651206070122524,0.152035238156242,-4.28325747385812,1.84176834918882e-05,0.000320157203075467,"GB40134"
4947.80761587965,-5.01528699222442,0.174581092799782,-28.7275495404087,1.72805160108664e-181,3.13606804565204e-178,"GB40136"
27.1122679954796,-5.97890656981896,1.20745608813088,-4.95165549173237,7.35847889609688e-07,1.69469130718739e-05,"GB40137"
629.364685403715,-0.553716859284267,0.17381102912789,-3.18574064064049,0.00144383971408668,0.01467122235792,"GB40140"
216.200280869814,-1.20168983681918,0.240719808205213,-4.99206876982362,5.97359767408439e-07,1.40425972265911e-05,"GB40141"
217.325295501076,-0.900577451006907,0.226739603149487,-3.97185775443545,7.13143009485406e-05,0.00105391851271508,"GB40155"
1002.38330504071,-1.17887002816155,0.219396160670791,-5.37324821253582,7.7330762006667e-08,2.09462487895074e-06,"GB40157"
7.37124152853493,-5.07999041555303,1.81443808947518,-2.79975957571658,0.00511406807577792,0.0415072036848022,"GB40227"
1076.84274362995,-1.06970580041345,0.14198615144013,-7.53387418113453,4.9256590514827e-14,2.74205093454933e-12,"GB40240"
398.842000025785,-0.965052136077335,0.180621836108384,-5.34294278515829,9.14496351271861e-08,2.45507097379907e-06,"GB40278"
4184.96756314671,-1.20787433786209,0.148467299710142,-8.13562542203076,4.0981710866741e-16,2.73432385591771e-14,"GB40280"
1426.39622657666,-3.03721032292064,0.216871763544964,-14.0046369950366,1.46023928976939e-44,3.68061425426874e-42,"GB40284"
190.073258506504,-1.25720952675939,0.245232975739577,-5.12659246974384,2.9503318288448e-07,7.29463515393398e-06,"GB40287"
39.3903273680193,-2.26085651700587,0.502724159069776,-4.49721079883904,6.88507178484051e-06,0.000130701132585027,"GB40288"
174.581157949143,-0.914004923967518,0.243909963070164,-3.74730458921267,0.000178744987287438,0.00238169165146286,"GB40289"
1265.28875378674,-0.423240110661594,0.151255934633256,-2.79817193082576,0.00513927482330128,0.041674512731578,"GB40302"
32.4012979904114,-1.64765126087981,0.541202632456277,-3.04442580665554,0.00233124924048967,0.0218297620633208,"GB40304"
62.7995153281641,-1.81342235617477,0.433209895554303,-4.18601323465719,2.83896802283066e-05,0.000472675153012209,"GB40306"
224.952607334226,-1.09121647205836,0.291536685597464,-3.74298167594951,0.00018184949472871,0.0024124302853338,"GB40335"
214.210743227427,-1.37277900491758,0.272743184742781,-5.03322935901118,4.8228552376772e-07,1.15164706386008e-05,"GB40336"
509.816563366048,-0.79720456605218,0.190058902802541,-4.19451314459299,2.7345829456369e-05,0.000456132456777743,"GB40343"
3111.83848373223,-0.682236906870774,0.170540665896981,-4.00043534064125,6.32260615932513e-05,0.000948744526672329,"GB40389"
150.029991277281,-1.43668625528924,0.27041774181695,-5.31284022134079,1.07929665684181e-07,2.86360756262649e-06,"GB40392"
4033.71691521872,-0.903136802032508,0.195223640143381,-4.6261651579143,3.72498301462854e-06,7.49456671280251e-05,"GB40424"
255.846429259547,-1.56453953153904,0.212893295202092,-7.3489375513394,1.99788495990981e-13,1.03593189292695e-11,"GB40431"
298.923165508781,-1.21771562113536,0.203387590205878,-5.98716775149718,2.13526527777258e-09,7.33916557973802e-08,"GB40453"
9966.56433678052,-0.862493941986243,0.14116217381007,-6.10995083673551,9.96618362050577e-10,3.64649799082538e-08,"GB40461"
66.8829881354981,-1.29450941720281,0.401297919181314,-3.22580645283119,0.00125618274011677,0.0131775747789822,"GB40504"
1648.50089804158,-1.47957226328358,0.260548737889745,-5.67867752984353,1.3574010429681e-08,4.18947519180019e-07,"GB40609"
55.5001360989363,-1.79368619764453,0.461501959536074,-3.88662747921511,0.000101646557716502,0.00142998583677448,"GB40626"
2247.86466350414,-0.797386221980211,0.156114505576125,-5.10770103673287,3.26102065930674e-07,7.97587640499983e-06,"GB40673"
240.828573578139,-0.870097644353938,0.215020358953367,-4.04658260542967,5.19707900923321e-05,0.000797940692551306,"GB40681"
428.847473354272,-0.623176755248456,0.219682585812286,-2.83671440293837,0.0045580363651257,0.0378751117006874,"GB40708"
5753.38212783207,-2.03942988745139,0.135405024574374,-15.0617002128395,2.89251416078885e-51,1.04986693979992e-48,"GB40713"
93.071560842161,-1.75214935520004,0.59340686287034,-2.95269479480706,0.00315013248166692,0.0280238256261232,"GB40728"
6279.25990703462,-0.810646243671471,0.113193542524351,-7.16159443015115,7.97440534246945e-13,3.9325953303026e-11,"GB40735"
95.6311251461589,-1.71907934132065,0.327883581614118,-5.2429564568555,1.58023841688672e-07,4.09688096995146e-06,"GB40758"
313.226416941436,-1.38520411796641,0.255623814170667,-5.41891655306253,5.99612944240825e-08,1.66388007830007e-06,"GB40759"
562.63968481128,-1.10994823848264,0.207196956660003,-5.3569717257189,8.46283576497465e-08,2.28546939676726e-06,"GB40769"
68.1555470838694,-2.43648339167597,0.444621843101756,-5.47990034560304,4.25565463434631e-08,1.20674406725183e-06,"GB40773"
1649.43287276284,-0.602370934500069,0.173750559081846,-3.4668719207765,0.000526552723720838,0.00614921417637437,"GB40779"
2239.39585193816,-0.458888979138239,0.132437436829312,-3.46494911200724,0.000530331819566292,0.00616952683428787,"GB40783"
886.253527017149,-3.1474474538709,0.184528709196945,-17.0566816815029,3.11769667784875e-65,1.57166553637775e-62,"GB40806"
1023.77263160964,-0.795404430985102,0.145107656505426,-5.48147802907534,4.21787111417789e-08,1.19977938840283e-06,"GB40808"
447.299349938208,-0.660189818519669,0.177811303502936,-3.71286754842764,0.000204924145679454,0.00267881734761485,"GB40816"
1543.31054297191,-0.484215538759515,0.151595252107446,-3.19413393248173,0.0014025103306662,0.0143153866596908,"GB40845"
2309.90876611961,-0.640894835210132,0.138601853308222,-4.62399902968767,3.76411625922969e-06,7.556546667312e-05,"GB40865"
1248.7716951,-0.680356070878754,0.136526242786112,-4.98333548916767,6.24974513473286e-07,1.45784543322792e-05,"GB40868"
388.987491262371,-0.863658248148924,0.203625789595127,-4.2413991364559,2.22130710028686e-05,0.000379647201718718,"GB40877"
835.551100211461,-0.518127962978953,0.144552745460221,-3.58435228144134,0.000337915745101319,0.00411576841751594,"GB40883"
238.819235004963,-0.950433337433168,0.242523815216388,-3.91892786522907,8.89437266196565e-05,0.00126500842530841,"GB40944"
76.6456369333264,-2.37770479460681,0.402892515851669,-5.90158590953374,3.60023868748299e-09,1.19228342519053e-07,"GB40945"
4317.91899119342,-0.762483741830971,0.127848678435162,-5.96395481880295,2.46204843075928e-09,8.33605502265289e-08,"GB40977"
14.2385991509888,-3.64700520390171,1.06396332970903,-3.42775460588391,0.000608595316734799,0.00698153464481867,"GB41093"
339.942542336753,-1.18596179437592,0.295334135527047,-4.0156610825209,5.92793933534982e-05,0.000896502025482738,"GB41110"
450.973511074386,-0.567478288726382,0.200016890535243,-2.83715183856632,0.00455179597003249,0.0378579254189503,"GB41242"
18.831092700134,-1.96948974147701,0.69562231033251,-2.83126304637294,0.00463645731236912,0.038456319609175,"GB41302"
59.6556071168323,-1.76755351919931,0.427483901165275,-4.13478382315954,3.5528891586262e-05,0.000570347613155359,"GB41306"
385.788882867381,-1.91625330737864,0.20024753142236,-9.56942287261909,1.07504089485153e-21,1.16130012855747e-19,"GB41308"
184.732932247787,-2.11469255864336,0.3082729354217,-6.85980608628708,6.89540832047649e-12,3.16004722727291e-10,"GB41310"
2813.23321429105,-1.1800331819386,0.132554475402444,-8.90225077920565,5.47254515411787e-19,4.77479564696785e-17,"GB41332"
58.9650417576986,-1.35572661116642,0.395484612679126,-3.42801355021714,0.000608015111183774,0.00698153464481867,"GB41338"
117.862044003453,-1.04500011256645,0.284147037711373,-3.67767378813192,0.000235370706749376,0.00298289635899977,"GB41369"
8.48903783523703,-3.61145095079764,1.28292979378415,-2.81500279149745,0.00487768101989412,0.0399115073497981,"GB41407"
927.908221015328,-0.863067877666466,0.181504999589018,-4.75506393554289,1.98383624088266e-06,4.25563358150574e-05,"GB41413"
63.3467518195064,-1.15072730074953,0.410557769152726,-2.80283893573444,0.00506549595787218,0.0412407045645934,"GB41417"
1259.21568387212,-4.08116999395788,0.187573280718451,-21.7577363808215,5.83588818758783e-105,4.81407721947018e-102,"GB41418"
105.351657326829,-2.48914366614719,0.329464183572091,-7.55512674901285,4.18452153911558e-14,2.34384866950214e-12,"GB41495"
271.141273413745,-4.17058585684858,0.284259714143582,-14.6717443567891,9.7798161917241e-49,3.16935900441802e-46,"GB41517"
277.462366294329,-2.9186172951143,0.254065256859244,-11.4876678975877,1.52164387953977e-30,2.6051691628196e-28,"GB41545"
423.856741362425,-0.87326104498351,0.194943523443629,-4.47955915414664,7.47973597582867e-06,0.000139365758202607,"GB41547"
592.693608528221,-0.747830538402664,0.171860934468274,-4.35137013956314,1.35289440921656e-05,0.000240238040493759,"GB41617"
546.292307027201,-0.694318796232147,0.175302897594155,-3.96068066050778,7.47364248822218e-05,0.00109028668710817,"GB41630"
493.066380154092,-0.981065738897152,0.184097079724448,-5.32906736144641,9.8718380542546e-08,2.64239110632172e-06,"GB41645"
321.960909858975,-1.12775695520535,0.241161845432485,-4.67634900198617,2.92027447315654e-06,6.06374612572595e-05,"GB41663"
392.085660606676,-0.653577253792807,0.194535335435364,-3.35968399946529,0.00078031670073313,0.00869851811112092,"GB41703"
305.386123813018,-0.633814547303582,0.214763481730735,-2.95122123275242,0.0031652011734991,0.0281027744112826,"GB41724"
698.689483433444,-0.77744434918844,0.157901571119395,-4.92360109957731,8.49659482726276e-07,1.93713822770307e-05,"GB41732"
682.998657684487,-1.29486407037926,0.215490142216214,-6.00892484947195,1.86757662012237e-09,6.54300781891522e-08,"GB41778"
1078.51992712777,-1.39948984616452,0.150696984259675,-9.28678070792031,1.59025430719808e-20,1.51894395615951e-18,"GB41821"
6232.13954779946,-0.990902903626175,0.114764759895938,-8.63420883313542,5.91348813988046e-18,4.58623857959618e-16,"GB41867"
1183.01617220114,-1.07446782224119,0.144539238133735,-7.43374488557241,1.05565479071667e-13,5.63471268880178e-12,"GB41886"
700.273577762855,-1.09326688059812,0.180320100981416,-6.0629229611556,1.33669701459636e-09,4.77527114584541e-08,"GB41889"
2603.61294358385,-2.87313153869666,0.476337382374809,-6.03171542903579,1.62228271808569e-09,5.75023179058965e-08,"GB41912"
268.463303042517,-2.73114971091083,0.228876418749015,-11.9328575911781,7.97867414310793e-33,1.44796978349123e-30,"GB41916"
62.0991095340917,-2.31218056167563,0.500169562660968,-4.62279341704546,3.78606724338435e-06,7.58383535683656e-05,"GB41932"
1875.34978031977,-0.785669453456341,0.133877652353982,-5.86856312193894,4.39588043391622e-09,1.43482802364589e-07,"GB41979"
435.236707039619,-0.731495041120303,0.230719616781115,-3.17049348176699,0.00152180247043197,0.0153502723429705,"GB42000"
1729.21512528951,-0.676714759194546,0.161684555922399,-4.18540135348078,2.84662673942062e-05,0.000473082253360856,"GB42039"
146.546148870569,-3.26728055275654,0.313843142194087,-10.4105526407711,2.21929542671349e-25,2.96145392676445e-23,"GB42052"
16996.58515918,-2.1172728408984,0.141626450348312,-14.9496992665652,1.5645411873417e-50,5.46024874382252e-48,"GB42053"
416.306827418737,-0.543169967080047,0.186591365131802,-2.91101341531196,0.0036025854919336,0.031103578262422,"GB42054"
843.318960486977,-0.48549812267235,0.16424755008836,-2.95589262921223,0.00311765602609033,0.0277894015527934,"GB42082"
177.81307702705,-1.64875249042213,0.269341600502006,-6.12141788475729,9.27463120992957e-10,3.40720662343728e-08,"GB42084"
1493.2952919576,-1.40743124309978,0.14630324660888,-9.6199590625787,6.58573685846262e-22,7.46987203171123e-20,"GB42264"
41.819715367123,-1.622206147135,0.499911118137361,-3.24498913562723,0.00117455104775317,0.0124073064113064,"GB42275"
86.1817103444766,-1.60853863066425,0.382686881518342,-4.20327612036828,2.63079344631262e-05,0.000443714121409678,"GB42307"
93.4497940147063,-1.66718599369348,0.453463867907385,-3.67655752019913,0.000236402569565035,0.00299179486224983,"GB42310"
84.6042499686616,-1.36151766135977,0.355634423027941,-3.82841922265999,0.000128968944698304,0.00178393933565916,"GB42326"
436.601753741103,-0.723494865785443,0.179271547771125,-4.03574842065359,5.44285146524538e-05,0.000832857237700448,"GB42329"
491.449519202366,-0.732642805066869,0.169911981743077,-4.31189606260197,1.6186052194175e-05,0.000284085565976681,"GB42356"
123.815747173312,-1.62987776713677,0.287169702878806,-5.67566059649623,1.38154460632354e-08,4.2495375450101e-07,"GB42373"
3527.25976276659,-1.25084495785275,0.145686398729733,-8.58587327821334,9.01489947822331e-18,6.93230490384731e-16,"GB42385"
7214.68811643946,-0.65736326073168,0.157218251949666,-4.18121466547115,2.89955953929769e-05,0.000480998231436696,"GB42426"
1037.62964928462,-0.924510430418083,0.162263665135439,-5.69758133865894,1.21519010975206e-08,3.78922166869078e-07,"GB42455"
635.257215011214,-1.16986272238578,0.189439249626237,-6.17539778421798,6.59970933088304e-10,2.47461828381953e-08,"GB42482"
270.023989490082,-0.958299029387391,0.286649641697652,-3.3431021358058,0.00082847401075554,0.00913435379537761,"GB42484"
1323.67754054631,-0.974304232770417,0.189676792033585,-5.13665495037424,2.79671767834091e-07,6.93372027684848e-06,"GB42493"
265.266719447114,-0.925576796557768,0.231437703003747,-3.99924811102529,6.35440375300621e-05,0.000951482832587101,"GB42527"
330.676890255388,-1.24126084627027,0.27276099598879,-4.55072706334187,5.3460859511779e-06,0.000103876625098476,"GB42540"
137.720225648962,-1.05844031480686,0.304737151738777,-3.47328938650107,0.00051412069262686,0.00602730124663583,"GB42551"
56.5524601664569,-1.40992918306332,0.489649200730966,-2.8794679557498,0.00398346776865757,0.0340357688632757,"GB42554"
62.5886049394005,-2.17776553461976,0.580097344820794,-3.75413808400128,0.00017393896245312,0.00232438093013196,"GB42557"
3038.76526761761,-0.666913543911152,0.145137703928527,-4.59503992318616,4.32666422320027e-06,8.57208540640157e-05,"GB42560"
77.3037075682792,-3.10234541073821,0.404024390266887,-7.67860922626205,1.60825000011998e-14,9.47614318252515e-13,"GB42586"
191.551373244481,-1.48109478735003,0.347894226126829,-4.25731350542759,2.06898125554882e-05,0.000356241668175521,"GB42598"
1862.88498016644,-0.883537866660403,0.168569482516778,-5.24138683627071,1.59374205521644e-07,4.11547893957986e-06,"GB42608"
1608.04889495625,-0.894886667410021,0.198444664216103,-4.50950228843395,6.4979893766244e-06,0.000124109446214731,"GB42616"
1389.43710885565,-1.31381787651351,0.200108961732115,-6.56551243453209,5.18542257546896e-11,2.25131695932083e-09,"GB42623"
1228.43313771069,-0.550510204500528,0.137153123828891,-4.01383642699477,5.97397533281656e-05,0.000900462660630855,"GB42648"
495.879945276816,-1.41497821993949,0.217532326987695,-6.50468019872525,7.78588355221367e-11,3.31685950013084e-09,"GB42667"
81.242615539719,-2.11168630984645,0.391114464800151,-5.39915165481151,6.69567566641844e-08,1.83399465901051e-06,"GB42700"
375.301448356574,-2.19600195960265,0.201020114483556,-10.9242896674516,8.82280135523578e-28,1.38031206030016e-25,"GB42704"
177.170184094408,-1.46825702919626,0.259407794629726,-5.66003435360155,1.51342696063223e-08,4.60833430898553e-07,"GB42731"
1259.87341409086,-1.20606393029975,0.176956503763377,-6.81559538445943,9.38741634528375e-12,4.25907079585524e-10,"GB42732"
77.7092543887832,-1.2152350461912,0.344378419996254,-3.52877815690199,0.000417482945804227,0.00502162570909707,"GB42740"
76.9016276759717,-3.27749837961985,0.549220083837446,-5.96755012438674,2.40842313845748e-09,8.18503054620345e-08,"GB42741"
649.560550374411,-1.79000501617034,0.235378121751222,-7.60480627023719,2.85330986975703e-14,1.6386666935554e-12,"GB42787"
173.303700880785,-1.43954779078349,0.267525009801855,-5.38098397547842,7.40797895341025e-08,2.01257488093547e-06,"GB42792"
190.226683154115,-0.830933935994665,0.259931507518761,-3.19674187991501,0.0013898924069749,0.0142185836537657,"GB42793"
38.4880451622904,-1.57904338775902,0.553721882512963,-2.8516904200947,0.00434874307658296,0.0365374950712164,"GB42794"
35.2805276585153,-2.51856429608435,0.679498613006072,-3.70650395435295,0.00021013995671431,0.00272421417150258,"GB42798"
145.205027044866,-1.98190510697393,0.276182235340062,-7.17607743500815,7.17399317495379e-13,3.57674802579839e-11,"GB42800"
348.334095953921,-1.92035257510867,0.251862996522667,-7.62459194729641,2.44807522205915e-14,1.41489392133533e-12,"GB42802"
1128.84932530007,-1.42751235706009,0.184112328676205,-7.75348596872418,8.94036729657111e-15,5.44462368114673e-13,"GB42829"
200.315105795531,-1.00447057374727,0.237475576495767,-4.22978475752928,2.33915014931782e-05,0.000396737354297381,"GB42832"
1816.84865600973,-0.538085573712372,0.180323949935478,-2.98399393926823,0.00284512407287749,0.0256865050727767,"GB42834"
985.858541127093,-0.73352740366554,0.166359948953592,-4.40927884553612,1.03715411666117e-05,0.000188222729091668,"GB42848"
586.837802366772,-0.996907315462526,0.158793327490199,-6.27801766748705,3.42916957237503e-10,1.3354628626494e-08,"GB42865"
341.005245306898,-0.533578196980069,0.190975266980162,-2.79396492235561,0.00520661260350352,0.0419580841600275,"GB42918"
176.216057505056,-1.61123440781488,0.266112250841654,-6.05471714556134,1.40664609619892e-09,5.00545359878783e-08,"GB42924"
56.1072341825113,-1.52118204388186,0.409861661476246,-3.71145239201647,0.000206073429787079,0.00268665273259764,"GB42976"
85.5901301533801,-0.994393525523159,0.352251447398962,-2.8229650519985,0.00475817580103887,0.0391438687385555,"GB42981"
20.0645836889801,-2.1825697760717,0.689329783444855,-3.16622004226269,0.00154433922529248,0.0154872708870393,"GB42984"
889.208537668859,-1.15459380802441,0.179297547601494,-6.43954043694232,1.1983578692573e-10,4.8981528403787e-09,"GB42985"
2184.44105434768,-1.67650213033315,0.212841801810947,-7.87675219843454,3.36000346867091e-15,2.10266699825654e-13,"GB43006"
562.09513017326,-2.75169358299436,0.176320801642874,-15.606176681114,6.60800711871258e-55,2.49837735813325e-52,"GB43052"
826.605469465802,-2.6067201905303,0.180609728322614,-14.4328891623936,3.21333512142611e-47,9.71926763060684e-45,"GB43053"
127.708580637737,-0.805796706590354,0.293743276832556,-2.74320050923135,0.00608435209658654,0.0474715485162736,"GB43098"
128.329381633795,-1.50055509347895,0.301657482820739,-4.97436721757258,6.54611155353415e-07,1.52306195478894e-05,"GB43103"
266.794851721855,-0.555804519577288,0.203309827963769,-2.73378087593648,0.00626116965849418,0.0484422523863121,"GB43106"
182.484109096941,-0.839757269784722,0.25095057654564,-3.34630540142232,0.000818961408940738,0.009051468726831,"GB43111"
8.68468190462605,-3.20106478928087,1.17157822312376,-2.73226723243961,0.00629000996556655,0.0485336313159446,"GB43112"
205.641012661421,-1.12428957060871,0.228402736680866,-4.92239973542704,8.54893670872061e-07,1.94418675927145e-05,"GB43119"
308.848543121147,-1.93499451669908,0.258576990467178,-7.48324324296244,7.25104928666549e-14,3.96361573657847e-12,"GB43129"
739.914097500911,-1.33125743177154,0.173011760363214,-7.69460659192617,1.41930183643295e-14,8.47285846302144e-13,"GB43130"
88.3957269188833,-1.21927402665346,0.328843225433719,-3.70776690030739,0.000209094989735209,0.00271823486655772,"GB43132"
459.578639980104,-0.942491988561429,0.224279025638668,-4.20231890109894,2.64194588843314e-05,0.000444768404297631,"GB43138"
791.444621462625,-0.430295592312996,0.157652867421655,-2.72938640032557,0.00634523066041354,0.0489181164083199,"GB43171"
989.622156264254,-0.814250490267897,0.143335052041512,-5.68074925616991,1.34105958843793e-08,4.15316542849343e-07,"GB43180"
1142.71422427254,-1.53781771849379,0.142870922098789,-10.763685821461,5.10851788615384e-27,7.47656311273547e-25,"GB43189"
169.421943116492,-0.98127165669677,0.266373398324816,-3.68382001681792,0.000229764504841007,0.00292918583612881,"GB43195"
40.1053439312064,-2.18824582948387,0.496040629850431,-4.41142458460245,1.02692722618155e-05,0.000186740233474376,"GB43202"
254.74085595862,-1.19792281754749,0.38580465096723,-3.10499838336381,0.00190280064581555,0.0183291009130895,"GB43208"
305.091318898531,-0.548305545801475,0.198819565201761,-2.75780477260906,0.00581909397942752,0.0460352735565173,"GB43216"
118.508768000148,-0.805784875862561,0.284703101225815,-2.83026378143821,0.00465096412143302,0.0385414140985235,"GB43228"
1577.27682861075,-1.03359133008352,0.200941664321583,-5.1437382763456,2.69324677992167e-07,6.69548528246828e-06,"GB43302"
167.945601014914,-5.19256131604019,0.415210782667728,-12.5058440984552,6.93591322769164e-36,1.39858836951276e-33,"GB43310"
374.660759112369,-4.98816740680079,0.294113464420822,-16.9600103709079,1.62315799660335e-64,7.75186087430463e-62,"GB43311"
58.8451706135093,-1.57705473739061,0.468284381678433,-3.36772866892999,0.0007579014563114,0.00847989866161485,"GB43325"
22.6355126962889,-4.07060804030455,0.829896405978655,-4.90495923464602,9.34467447618687e-07,2.09885089596336e-05,"GB43513"
231.53842576464,-6.48469692985866,0.479575350158253,-13.5217477873264,1.16377615060788e-41,2.77897494489892e-39,"GB43518"
300.748196922918,-1.2734256237602,0.228035430878672,-5.58433230684113,2.3459975598602e-08,6.91155255135437e-07,"GB43575"
38.7316545087513,-1.7965175804288,0.544645350836685,-3.29850897959377,0.000971997711887988,0.0105627631588881,"GB43576"
12.0422194635896,-5.80094424419441,1.64435525364471,-3.52779256875097,0.000419040394265696,0.00502959330365995,"GB43688"
1277.14422989053,-6.89901694500349,0.258128124626633,-26.7271028873065,2.27955603253636e-157,3.44744857320582e-154,"GB43689"
7695.43787638898,-5.06739053217963,0.134936665897716,-37.5538442310468,0,0,"GB43690"
50.1923203846458,-1.64736009548226,0.445580837713843,-3.69710713758345,0.00021807032521588,0.00279882621076223,"GB43693"
3035.80032572255,-0.580658928025124,0.191438508191317,-3.03313546219674,0.00242026929499132,0.0223774176730781,"GB43708"
331.850565388996,-1.85509472688192,0.217389514417263,-8.53350600581961,1.4197808062705e-17,1.07359091967488e-15,"GB43713"
477.469081451186,-1.74030738653049,0.53167599998676,-3.27324796788613,0.00106319160060325,0.0114170421110934,"GB43716"
88.489848555143,-1.69862148666959,0.338485873134073,-5.01829358768179,5.21324657541391e-07,1.23190102670067e-05,"GB43722"
138.451145925938,-3.39427900210934,0.39076873335134,-8.68615810942463,3.7490301904813e-18,2.93264654727822e-16,"GB43727"
23.8042117506645,-2.78468576723287,0.774798234976278,-3.59407861495468,0.000325541540909257,0.00398108348006819,"GB43728"
1595.71039522163,-0.662461106767569,0.195970451632734,-3.38041322683218,0.000723769246690714,0.00813814392127824,"GB43731"
221.278888595645,-0.630328365617839,0.227249693417714,-2.77372592296182,0.00554183455692596,0.0442554749157633,"GB43737"
2877.79748074412,-3.68565561664188,0.223879558948268,-16.4626714200984,6.80305896431704e-61,3.08654785211064e-58,"GB43825"
422.990890039753,-0.79761355821696,0.200911616415169,-3.96997233135963,7.18809785245126e-05,0.00105884415443414,"GB43833"
333.434510610094,-0.703162582361658,0.19313385278936,-3.64080440692372,0.000271787557043694,0.00338299079919682,"GB43868"
1540.44943679113,-1.07621123832823,0.243350765683173,-4.42246908616422,9.75793145313893e-06,0.000177798132541732,"GB43870"
681.824728075346,-0.94093944472633,0.164377977591974,-5.7242427392675,1.03896111962217e-08,3.28485477332808e-07,"GB43879"
456.806982690711,-0.654829886862885,0.199737999910613,-3.27844419767863,0.00104380999565185,0.0112488502381768,"GB43890"
2990.21914083967,-2.32871478450876,0.148740510804064,-15.6562241982373,3.01259928549248e-55,1.1885359094156e-52,"GB43892"
47.4716025700921,-1.95454367213985,0.477382259527589,-4.09429473578269,4.23455367373898e-05,0.000670581850532417,"GB43924"
610.115568447164,-0.529042179099982,0.167120208756995,-3.16563857258728,0.00154742935604998,0.0154872708870393,"GB43989"
41.9890302440076,-5.59986717268248,0.877605054238914,-6.38085109655488,1.76106479681985e-10,7.1658753212302e-09,"GB44006"
127.527832689884,-0.956816858529845,0.292694187194593,-3.26899849874272,0.00107928874176899,0.0115352956923578,"GB44020"
845.43013596899,-0.660921476068007,0.145260675728582,-4.54989950138281,5.36715432371914e-06,0.00010406315883211,"GB44039"
24.9737300142501,-3.7856800211471,0.804742616830736,-4.70421218159912,2.54848103270414e-06,5.35299002100866e-05,"GB44073"
38.3126367720136,-3.46220593841875,0.599943239867984,-5.77088915808202,7.88543327993771e-09,2.50183292245296e-07,"GB44074"
1036.04946243648,-1.02642998221557,0.141001055118043,-7.27959078998571,3.34834267571347e-13,1.69736656086168e-11,"GB44091"
18.9745087035461,-2.08696050431664,0.727201105455686,-2.86985331658549,0.00410662253988564,0.0347931773360619,"GB44092"
1139.79295779105,-1.27185509304305,0.194436497643622,-6.54123638543523,6.10123044410497e-11,2.61144174763248e-09,"GB44100"
612.132718513991,-0.494165046843501,0.179422423583863,-2.75419892883414,0.00588359946056732,0.0464241578305982,"GB44104"
210.558054547094,-1.63017157073156,0.232673398036156,-7.00626536806861,2.44763481863387e-12,1.16281876148082e-10,"GB44116"
209.741064355054,-0.926639958866462,0.223632545417118,-4.1435827559808,3.41921603475527e-05,0.000554035112488738,"GB44119"
95.5878288800864,-1.96774249650164,0.377308086302569,-5.21521421866289,1.83604925604413e-07,4.66675376732337e-06,"GB44121"
93.4860552070609,-1.52200544257787,0.419799777872651,-3.6255508525771,0.000288346145371894,0.0035549632107399,"GB44122"
164.631564106917,-1.07519489955333,0.341030420583362,-3.15278296204225,0.00161721998637549,0.0160554203023755,"GB44159"
181.348008274275,-1.79859497358489,0.286312232933733,-6.28193547706772,3.34383633738872e-10,1.3078435743735e-08,"GB44198"
502.979985510989,-0.542268372450051,0.172786467944283,-3.13837292295895,0.00169888581886711,0.0167017225573133,"GB44206"
1365.52316567136,-0.690630324475454,0.186025599523962,-3.71255529477003,0.00020517721584663,0.00267881734761485,"GB44209"
219.819877045979,-1.67806086860022,0.281420664729555,-5.96282035724999,2.47920941949218e-09,8.36295400463646e-08,"GB44213"
69.9603908613915,-1.99961046100578,0.385163961461571,-5.19158244561074,2.08514217138728e-07,5.26249342584881e-06,"GB44214"
3697.39623057039,-1.19806223440743,0.139754231101858,-8.57263658467877,1.01142287216796e-17,7.71231188407736e-16,"GB44223"
368.774794002523,-0.795652311948977,0.2587557107522,-3.07491691540265,0.00210561201671545,0.0200066214028021,"GB44254"
5642.46621412787,-0.41270780471108,0.144473040985961,-2.85664233198487,0.00428147995477741,0.0360390993596013,"GB44311"
32.7241283466814,-1.87523950608637,0.532661667004979,-3.52050771107741,0.000430721468854253,0.00516296777857793,"GB44460"
143.333215316247,-1.25904687441901,0.271756768698389,-4.63299177587871,3.6041886217239e-06,7.26764612300505e-05,"GB44500"
20.3545146106453,-2.22094689736575,0.707477780657797,-3.1392461474914,0.00169383101526985,0.0166700896231655,"GB44501"
32.5336241062665,-2.34969877771106,0.56749792133607,-4.14045354065638,3.46619809404658e-05,0.000559649137106382,"GB44502"
290.821738021798,-0.791344102962057,0.23815990070838,-3.3227428320565,0.000891370500117669,0.00978028526973123,"GB44526"
686.190001912092,-0.948796690678527,0.189498317882843,-5.00688713904636,5.53173396283461e-07,1.30376503840938e-05,"GB44532"
383.248331252904,-0.702906531452955,0.18813384119771,-3.73620464546977,0.000186818647187833,0.00247112595420174,"GB44533"
619.462323101661,-1.160404713678,0.253152580116329,-4.58381547264804,4.56567190861672e-06,8.98674770038788e-05,"GB44564"
2314.60816596012,-0.652057600674035,0.139902277383432,-4.66080762135794,3.14971020121333e-06,6.49556144677494e-05,"GB44576"
108.160675941048,-1.54286484424163,0.301104876940082,-5.12401147374523,2.99102769552887e-07,7.37515905142092e-06,"GB44613"
367.501608793485,-0.849996370832355,0.265958859738887,-3.19596937536454,0.00139361902872663,0.0142406521021007,"GB44634"
24.3569192059234,-1.83417633760895,0.629295787216595,-2.91464900110264,0.00356088781261504,0.0308547496253443,"GB44647"
73.0758846953659,-1.92122102624029,0.386690794410511,-4.96836504517541,6.75197658341156e-07,1.56694208485618e-05,"GB44658"
557.449583098497,-0.628744682494184,0.169294445154783,-3.71391206556915,0.000204079731954075,0.00267217819300329,"GB44689"
51.1804193752686,-9.35326522282368,1.52271262774165,-6.14250190904082,8.12317012097361e-10,3.02088711793912e-08,"GB44710"
1707.1875840512,-0.532555298528872,0.146682372312962,-3.6306700671067,0.000282686362846858,0.00350000023858202,"GB44726"
218.805163434676,-2.97620505057524,0.251195384306649,-11.848167747151,2.19947337172793e-32,3.91333752452142e-30,"GB44774"
78.2236799869603,-2.3775880209234,0.406592493341321,-5.84759448307741,4.98732565933781e-09,1.61624975117255e-07,"GB44775"
628.136239655329,-0.545864730766491,0.18514006130803,-2.94838797670213,0.0031943588871571,0.0282780141213734,"GB44897"
1089.53312231104,-0.559974073802216,0.137296441267748,-4.07857675429611,4.53122430413143e-05,0.000710126586108611,"GB44899"
70.7213370407374,-1.68696071533341,0.470626433783084,-3.58450055976021,0.000337723840458729,0.00411576841751594,"GB44939"
376.227670706669,-0.532370112696743,0.187438113594791,-2.84024472123976,0.00450789368640912,0.0376307518955625,"GB44980"
2250.10494577165,-0.501189185585239,0.144798393252356,-3.46128968925616,0.000537593980874727,0.00623004825345757,"GB44991"
117318.201370423,-4.79064100316619,0.153178099788395,-31.2749734445337,1.02183353547272e-214,2.31802937521988e-211,"GB44996"
188.91936252731,-0.709355037653818,0.253096565546321,-2.80270511029117,0.00506759814740154,0.0412407045645934,"GB44999"
495.232151200847,-1.58471493308393,0.182181703715768,-8.69854052718892,3.36179749661551e-18,2.67587284949905e-16,"GB45023"
365.891197917096,-0.816215790366034,0.223610751370441,-3.65016344412646,0.000262073493601589,0.00328460618914478,"GB45051"
217.90817060507,-1.34099222658243,0.223434228776001,-6.00173139956461,1.95224464488215e-09,6.78722908339489e-08,"GB45052"
576.281158453241,-1.10391976905563,0.187267441288992,-5.89488360313553,3.74945586500582e-09,1.23718409160228e-07,"GB45073"
65.5724867416791,-1.43631905876528,0.387515103969595,-3.70648535773712,0.000210155380212895,0.00272421417150258,"GB45141"
585.358866129251,-1.04506426021711,0.19259523109591,-5.42622085848369,5.75597293917282e-08,1.60706764461705e-06,"GB45148"
223.078838024958,-0.974850611800425,0.227594095389522,-4.28328604101961,1.84153179353628e-05,0.000320157203075467,"GB45172"
1864.04973046207,-0.678930152809074,0.145919975219836,-4.65275677155394,3.2752650253121e-06,6.70874827080859e-05,"GB45181"
123.872626291086,-0.897429831690563,0.285505338984782,-3.1433031511134,0.00167052733094536,0.016494412405874,"GB45188"
481.840782990207,-0.89753167271952,0.231327215786578,-3.87992251438144,0.000104489746467263,0.00146544043190717,"GB45193"
216.969592724628,-0.9956487022794,0.229946332557645,-4.32991772995466,1.49165058766013e-05,0.000262820144318991,"GB45211"
73.1863870011244,-1.4012533131681,0.385405152270223,-3.63579289200999,0.000277126920528117,0.00344001323785517,"GB45213"
33.7516347840873,-1.47742988344757,0.511719560703429,-2.8871866485163,0.00388703568782789,0.033243130849529,"GB45235"
400.164709247456,-1.53751919050613,0.18151331359629,-8.47055877083365,2.4421865813947e-17,1.8016586211037e-15,"GB45260"
1607.07492861565,-0.524213103901337,0.132058829682239,-3.96954224994044,7.20108378956535e-05,0.00105903783316882,"GB45261"
496.477309577473,-1.25169106135425,0.168980835412102,-7.40729597117738,1.28900574214285e-13,6.84002228316039e-12,"GB45303"
146.611365916247,-1.10458617007238,0.295482095946264,-3.7382507611333,0.000185305072898709,0.00245468354961006,"GB45324"
1326.1097010418,-0.799968662526988,0.186312559766202,-4.29369154463254,1.75726571734871e-05,0.000307826816973402,"GB45459"
6227.22385263115,-0.66271359853786,0.121066827235109,-5.47394867506426,4.40116583805287e-08,1.24087193639848e-06,"GB45495"
183.537726887799,-1.20529774797887,0.266252901003026,-4.52689057448119,5.98579149598498e-06,0.000114831019100566,"GB45499"
197.424333456722,-0.936375430687773,0.236238984629293,-3.96367869662637,7.3803571301472e-05,0.00108189597090397,"GB45518"
828.433865382027,-1.04325821442093,0.185981686793269,-5.60946742880435,2.02950187633976e-08,6.07778878742806e-07,"GB45565"
110.258797326175,-1.52555559976326,0.321943761154489,-4.73857792520229,2.15223264085914e-06,4.57362037076249e-05,"GB45617"
57.3187504082931,-1.93364169225015,0.43156962239622,-4.48048609518419,7.44732318225656e-06,0.000139047346822625,"GB45644"
1019.87694240563,-1.17998717105528,0.150975772108702,-7.81573860874643,5.46416620538165e-15,3.3501246045698e-13,"GB45645"
233.473726097636,-1.80786354903638,0.256285625670094,-7.05409655461351,1.73725720589229e-12,8.38503823737587e-11,"GB45651"
28.5301119561131,-1.92668569922532,0.59996861711309,-3.21131079904826,0.00132130946046459,0.01369353701782,"GB45676"
487.344673674808,-1.35485631786213,0.181161601677778,-7.47871682141528,7.5051796641812e-14,4.07796408819043e-12,"GB45681"
825.990970918341,-1.59760489434165,0.161810655036962,-9.8732984794896,5.43474566582965e-23,6.57531762289843e-21,"GB45688"
152.989092176611,-2.58453169894948,0.286328994632511,-9.02644072866807,1.77346153771543e-19,1.5776852934539e-17,"GB45700"
138.199357956856,-2.0027689171232,0.28346032570879,-7.06542939339144,1.60120086324407e-12,7.81144980272939e-11,"GB45701"
454.998651780852,-0.605883428459546,0.190642735406065,-3.17810918506298,0.00148238915473812,0.0150124990960868,"GB45706"
1084.44376696618,-0.917920198663992,0.147541502298082,-6.22143725234337,4.92621170619377e-10,1.88356674138885e-08,"GB45707"
245.179937139433,-1.30617044514464,0.248433819051319,-5.25761931339479,1.45932214257813e-07,3.79423757070314e-06,"GB45724"
103.616038069237,-0.991477390189737,0.305209763219922,-3.24851138354745,0.00116010566784436,0.0122833125204431,"GB45733"
135.261487622909,-1.9313685109347,0.280579875811537,-6.88348907899575,5.84040774501623e-12,2.70387040195292e-10,"GB45735"
770.986353428398,-0.588944392625001,0.159162128890023,-3.70027968796489,0.000215361978002458,0.00276798100339136,"GB45736"
1583.04410897544,-1.52311456260917,0.142643220519814,-10.6777914650181,1.29311427972802e-26,1.8624950752781e-24,"GB45746"
100.48245977293,-2.64651537349852,0.337271797824084,-7.84683270458002,4.26675815176363e-15,2.651819415692e-13,"GB45775"
80.5080818864935,-1.52872714277376,0.366359003875092,-4.17275712239618,3.00935687534743e-05,0.000492904409510877,"GB45806"
219.48671307853,-0.635188456312548,0.232152127786103,-2.73608716133667,0.00621745552382357,0.0482634592601054,"GB45812"
479.488596893252,-0.891856906306562,0.302933304600319,-2.94407017242046,0.00323926545303632,0.0285925045922681,"GB45850"
435.272624194405,-1.26266660373639,0.207184007320546,-6.09442118658727,1.09834128095614e-09,3.97065688581513e-08,"GB45855"
217.825143300826,-1.32688764477487,0.381755102649852,-3.47575614723845,0.000509415257020675,0.00598760886296063,"GB45860"
201.096567571585,-4.3610715566468,0.34140884827367,-12.7737508230923,2.29807599175591e-37,4.9649384640936e-35,"GB45875"
311.398354277206,-0.733009457508226,0.211506743708815,-3.46565525360919,0.000528941039131166,0.00616916579572776,"GB45905"
156.648062829002,-1.59715083350023,0.302819602189627,-5.27426501438995,1.33289181053527e-07,3.49556655745579e-06,"GB45912"
135.664666014736,-4.73768611921618,0.415708806941642,-11.3966460178489,4.34539105709749e-30,7.301866380019e-28,"GB45935"
246.626257813197,-1.27067485410246,0.213197906149666,-5.96007192120565,2.52126942741007e-09,8.45015749144522e-08,"GB45937"
3438.00287260739,-0.937143650893687,0.190650112090134,-4.91551586631447,8.85489783015728e-07,1.99873987340416e-05,"GB45943"
1058.80276251296,-1.11632035748096,0.166889232536631,-6.68898970001517,2.247165461767e-11,9.94672165857257e-10,"GB45955"
2494.32033200701,-0.794996121474594,0.171537859763599,-4.63452279613491,3.57761810361869e-06,7.23013511631091e-05,"GB45968"
71.2727064263146,-1.29181064052853,0.368423705420695,-3.50631792016055,0.000454352176688898,0.00541759743925763,"GB45972"
366.22923069977,-1.16463528394791,0.206615809380519,-5.63671912347728,1.73320456885781e-08,5.2249495873142e-07,"GB45976"
225.658743881424,-1.18482694895714,0.343162526253787,-3.45266996921714,0.000555067659385399,0.0064243417618152,"GB45986"
147.092960477705,-0.755192988253728,0.261067768045042,-2.89270864001654,0.00381935416957667,0.0327569184638362,"GB46006"
169.565823875898,-1.33180736114655,0.264236434172166,-5.04021092064389,4.65019054411255e-07,1.11629177241474e-05,"GB46013"
37.4744744727358,-1.59599975377385,0.558292647720995,-2.85871533556617,0.0042536030206794,0.035870997964354,"GB46046"
63.164003456463,-4.83654871454435,0.600729663477713,-8.05112350627877,8.20374317837052e-16,5.35545076262835e-14,"GB46103"
104.885088108896,-1.78628460054463,0.318348517227739,-5.61109759863203,2.01047329705272e-08,6.04073996604516e-07,"GB46145"
94.3885236568763,-1.05362605850041,0.349721810833929,-3.01275478354635,0.00258888016025768,0.0237048421535603,"GB46177"
1665.3441278832,-0.412002806324128,0.136618822710145,-3.01571041347828,0.00256377986539678,0.0234987257561721,"GB46214"
119.439531393695,-1.50685549216591,0.337963180715005,-4.458638035593,8.24820723680674e-06,0.000153055690116123,"GB46218"
356.245099019688,-0.83627424646159,0.274876581075748,-3.04236266032114,0.00234728904357494,0.0219354281991751,"GB46222"
9342.51517701005,-1.07934840406852,0.232789462175936,-4.63658618384013,3.54210544285012e-06,7.1743448188442e-05,"GB46223"
320.562015397801,-0.59884414594877,0.2081864552586,-2.87647986130948,0.00402137855228109,0.0341986775851908,"GB46266"
563.162328170598,-1.08805469048219,0.277144392088803,-3.92594878893871,8.63885354326319e-05,0.00123059587208117,"GB46299"
187.657184559933,-1.02412142016097,0.260734490127496,-3.92783256123957,8.57148505557339e-05,0.00122452758240659,"GB46300"
66.0251104536265,-2.52693619673055,0.40696491206557,-6.20922374832015,5.32469639078664e-10,2.0048255207468e-08,"GB46305"
3629.64352978261,-1.43279530452037,0.174589295110182,-8.20666183236574,2.27422941920427e-16,1.5516058458541e-14,"GB46311"
28.724116828549,-2.13232099668058,0.583011288596344,-3.65742660286106,0.000254760177152931,0.00319736355115587,"GB46312"
374.299729938332,-0.859139625258549,0.21756707163884,-3.94884951471294,7.85276961504587e-05,0.00113465018291284,"GB46330"
228.970973443793,-2.83402276495563,0.260354920041467,-10.8852283817193,1.35558410258931e-27,2.08484239777887e-25,"GB46363"
126.879714901376,-6.39538554655668,0.619657247408667,-10.3208436168566,5.67225543714232e-25,7.45942693284485e-23,"GB46365"
5972.05794388794,-6.36999037306438,0.153116035399352,-41.6023727132848,0,0,"GB46366"
648.25340208327,-4.83580900579239,0.252987095959888,-19.1148445237662,1.89985381561975e-81,1.32609796330258e-78,"GB46367"
799.909706144626,-2.03748077742112,0.224893988801457,-9.0597387163597,1.30763408283059e-19,1.17479917501037e-17,"GB46368"
190.622644000046,-1.39625465377085,0.267075353627364,-5.22794273154449,1.71406581639946e-07,4.38124879380526e-06,"GB46444"
245.090536955602,-2.53968895215789,0.400485265230916,-6.34152907147165,2.27495816674096e-10,9.17465351333664e-09,"GB46448"
117.889583479697,-4.7439854526631,0.435935587285825,-10.8823082836609,1.39972816920464e-27,2.11685556789381e-25,"GB46528"
937.274547264626,-2.15181412156536,0.213513993873368,-10.0780940983267,6.90525069881514e-24,8.82510490718994e-22,"GB46564"
933.443737660602,-1.10063883635416,0.169792498200087,-6.48225833309281,9.03597486771173e-11,3.83142224063627e-09,"GB46579"
2151.07760700372,-1.92843024801523,0.162994259400179,-11.8312770959657,2.69017304813388e-32,4.69435196899362e-30,"GB46587"
633.313846252391,-2.18064507986538,0.201117609488753,-10.8426362336378,2.16151070294922e-27,3.21533575714118e-25,"GB46612"
918.360927028249,-1.10114818658114,0.156141247763293,-7.05225686585045,1.76038840209678e-12,8.45172717493447e-11,"GB46652"
23.091784999981,-6.74581692194375,1.5575334478191,-4.33108960285214,1.4837328353856e-05,0.000261933691600952,"GB46679"
244.495719890136,-0.795874007156409,0.283710877365498,-2.80522909289481,0.0050280828431332,0.0410295177325455,"GB46686"
513.291120101661,-1.02301945642244,0.24743609865636,-4.13447941499924,3.55760137806847e-05,0.000570347613155359,"GB46696"
207.312798068023,-2.067349587121,0.29890576431401,-6.91639250205019,4.63289669553835e-12,2.17818158628575e-10,"GB46705"
855.789891583637,-0.503084719264948,0.167633923335305,-3.00109136179237,0.00269013838378702,0.0245329805974708,"GB46739"
366.644852975064,-0.651147533544172,0.191242549350689,-3.40482562983479,0.000662063139093403,0.00750945115516693,"GB46763"
569.805452614216,-0.518498831932461,0.171624210414796,-3.02112872466717,0.00251834273238048,0.0231228607423413,"GB46766"
85.7143038825076,-0.9900118939436,0.35120613835818,-2.81889120324523,0.00481898488464586,0.0395365902742102,"GB46768"
1186.96306088813,-1.68102575075076,0.175588844368048,-9.57364778383758,1.03198853824105e-21,1.14198341414625e-19,"GB46795"
155.183932659907,-0.986617333540817,0.317505572610319,-3.10740162898405,0.00188739788243002,0.0182194131757128,"GB46814"
675.079147960382,-1.32962787827469,0.156935201473209,-8.47246421321015,2.40255498637083e-17,1.78694950379745e-15,"GB46978"
440.464237651183,-0.981930079464386,0.242078815304149,-4.05624126270895,4.9868748306843e-05,0.000770884194440023,"GB46984"
664.465024473792,-0.799873317552421,0.163709648998948,-4.88592653178042,1.02943582760889e-06,2.2951107370327e-05,"GB47009"
248.944874783128,-0.577050015210161,0.210287371205513,-2.74410209182849,0.00606766644273645,0.0474229158496043,"GB47017"
151.434974044155,-0.772127530704686,0.256485962262032,-3.01040853813225,0.00260896509626393,0.0238646666164303,"GB47049"
347.881351508641,-0.722687343532127,0.207157373184124,-3.48859098000723,0.000485573543628827,0.00575960043776206,"GB47079"
171.389673426541,-0.915077029358782,0.253992863515911,-3.60276669466919,0.000314848099054222,0.00386594269393506,"GB47081"
97.3200857828705,-0.937303897738445,0.326769722515531,-2.86839273395012,0.00412563066496547,0.0348890705068934,"GB47136"
295.076552953897,-2.30481918977167,0.250894993119901,-9.18638973664258,4.06247182313072e-20,3.80029580650393e-18,"GB47140"
130.491004223299,-0.885557976743077,0.280297695096653,-3.15934805114155,0.0015812252989163,0.0157497676864616,"GB47267"
414.274058733314,-1.19271691173712,0.191761031070561,-6.21980860802862,4.97761678020223e-10,1.88982822860063e-08,"GB47300"
1308.64503490355,-2.47188037440267,0.14159224793735,-17.4577380500125,3.00611462333608e-68,1.60455788777362e-65,"GB47303"
4170.21469463411,-1.17643085847309,0.119025967539068,-9.88381680734456,4.89327999161668e-23,6.00021927620673e-21,"GB47336"
234.774990868126,-1.35784307536445,0.285265899886085,-4.75992074729812,1.93668991962279e-06,4.17423380775704e-05,"GB47337"
2580.50249279235,-0.400647875641115,0.143963103926862,-2.78298997946485,0.00538604695999376,0.0431740195362044,"GB47405"
294.108461493669,-0.993456468516339,0.202241526415439,-4.91222789960361,9.00472997543511e-07,2.02751662027539e-05,"GB47415"
3140.29903051763,-0.544431916259682,0.136688688470502,-3.98300636542558,6.8048932206805e-05,0.00101059903575213,"GB47462"
1295.82050019263,-0.396059390426296,0.140247588419924,-2.82400143124337,0.00474281730860867,0.0390529258242424,"GB47503"
68.2686572369576,-1.6596776950589,0.402994933994271,-4.11835870642108,3.81580414942658e-05,0.0006085168163778,"GB47520"
10.0799586360143,-5.52923813009176,1.70014519844437,-3.25221524323394,0.00114509270535918,0.0121527148636599,"GB47563"
144.66153817798,-6.80935667081603,0.670809504805387,-10.1509543648931,3.28138636205628e-24,4.25361426418553e-22,"GB47565"
207.636824732442,-0.850406200609045,0.265305555352262,-3.20538406924766,0.00134882369507379,0.0138452785170809,"GB47566"
30.0843315629931,-1.95588763768579,0.563909060988453,-3.46844513237187,0.000523479410001456,0.00612120124530053,"GB47581"
484.739344940309,-1.49722008954245,0.194955970346018,-7.67978578386244,1.59354836060603e-14,9.45088746675756e-13,"GB47584"
327.843578215429,-1.28013320523399,0.251320574489714,-5.09362676666326,3.51277982990352e-07,8.56853875713564e-06,"GB47625"
91.7045280642898,-0.931962375271699,0.333305971628804,-2.79611664536754,0.00517207296278146,0.0418510447633363,"GB47652"
53.7030302395835,-2.15813743294227,0.453791263285054,-4.75579326344724,1.9766867778468e-06,4.25034498155969e-05,"GB47656"
58.7318735134252,-1.88367220374723,0.408136381410393,-4.61530088848693,3.9252621008119e-06,7.84533663056545e-05,"GB47693"
446.997656201152,-1.58832773705762,0.279362092499844,-5.68555211927511,1.30390709734608e-08,4.05193595935558e-07,"GB47718"
95.0116464449328,-1.01682264767881,0.346632509860239,-2.93343128170172,0.00335237855764923,0.0293864517271762,"GB47749"
219.963715900492,-0.930635461749483,0.240946512804945,-3.86241515146088,0.000112271564553963,0.00157214842093004,"GB47803"
21.0842178086322,-1.97769877290365,0.6949635253918,-2.84575909475059,0.00443056994632706,0.0371218759861235,"GB47805"
708.760631963156,-0.624193391785883,0.150829853578411,-4.1383942036474,3.49745080295265e-05,0.000563692159609101,"GB47839"
382.425387003371,-2.02563755721706,0.255758732703715,-7.92011101948833,2.37298606213388e-15,1.50576751942677e-13,"GB47876"
1127.0816135502,-0.40290380550872,0.142901552142127,-2.81945017019829,0.0048105999432103,0.039503514827774,"GB47880"
499.984455897916,-0.617616387827516,0.197739039426746,-3.12339126162448,0.00178779912286441,0.0174061043356992,"GB47881"
23.8555642882428,-2.80790414495003,0.705564585959454,-3.9796557265296,6.90151398342717e-05,0.00102327349486304,"GB47885"
61.1746047941994,-1.77952195407397,0.398152065243881,-4.46945302916854,7.84198773632939e-06,0.000145815976884125,"GB47918"
45.0249929613002,-2.24554388532537,0.591125484820352,-3.79876006531474,0.000145421786216311,0.0019842966738749,"GB47932"
93.1926881736313,-2.41914430042134,0.34078805790708,-7.0986768588028,1.25956927971982e-12,6.1780171049609e-11,"GB47946"
206.350652009955,-2.2765138890538,0.243269832820659,-9.35797859791383,8.12767057225995e-21,8.01635682311813e-19,"GB47947"
111.900984307443,-1.69429976007839,0.302517057858318,-5.60067512249806,2.1351857607151e-08,6.37324855023975e-07,"GB47957"
140.440699418798,-1.32845034337051,0.339450664442464,-3.91352995450001,9.09566113280543e-05,0.00128959420498557,"GB47976"
4118.47262244914,-2.3776075929645,0.171501628242477,-13.8634695036418,1.05451399771103e-43,2.58612432844051e-41,"GB47977"
425.297366392576,-1.60555341428975,0.183939428115359,-8.72870722030742,2.57600120020833e-18,2.1444619165771e-16,"GB47990"
270.820012005045,-0.574078469209762,0.203272004863263,-2.82418855265354,0.00474004907327308,0.0390529258242424,"GB48002"
88.7603817446414,-2.37380743137888,0.419466014055778,-5.6591174298646,1.52153421989175e-08,4.6175255890628e-07,"GB48007"
1389.11635564165,-2.08690502019607,0.209115951557931,-9.97965485008896,1.87116528595306e-23,2.35818802843584e-21,"GB48020"
163.005646607986,-1.16929647045471,0.282629814414937,-4.13720142326541,3.51567475422334e-05,0.000565624693613876,"GB48022"
89.3330635477742,-4.17668584712825,0.436399279875386,-9.57078996170869,1.06091911940868e-21,1.15985302283305e-19,"GB48029"
694.337434223275,-0.884302586966584,0.217816078073723,-4.05985910125183,4.91023371676032e-05,0.000762073593004163,"GB48059"
1649.15247260623,-2.1204251913108,0.232033255240604,-9.13845383547308,6.33515673842403e-20,5.86583798412853e-18,"GB48109"
63.982533812745,-2.22982436585255,0.412931288593503,-5.39998887816814,6.66450285481512e-08,1.83253633044219e-06,"GB48167"
124.028029471661,-1.11825652430797,0.328167797254005,-3.40757543447332,0.000655427890708405,0.00744672203399693,"GB48194"
249.333558770599,-1.16297919667483,0.230730702343511,-5.04041804953809,4.64516011502886e-07,1.11629177241474e-05,"GB48216"
217.621219240374,-0.944356489212371,0.250165396884708,-3.77492851118651,0.000160053557179008,0.00215993959059858,"GB48229"
95.1627778267738,-1.00717550590386,0.337531264592663,-2.98394730076141,0.00284555777160765,0.0256865050727767,"GB48239"
112.381117639342,-0.935880112276867,0.313490989764734,-2.98534931730962,0.00283254653418043,0.0256512248015501,"GB48247"
48.7888049094425,-1.33617854255651,0.427626285349374,-3.12464080982497,0.00178022294792529,0.017350959215332,"GB48251"
357.165634403014,-2.30953803198441,0.2655015677838,-8.69877361276104,3.35490058686359e-18,2.67587284949905e-16,"GB48256"
228.849207939375,-1.38762022932235,0.228862429078598,-6.06311938097014,1.33506492577172e-09,4.77527114584541e-08,"GB48271"
77.4396380051592,-1.41670650663902,0.352921268633025,-4.01422819351855,5.96406262753751e-05,0.000900462660630855,"GB48273"
53.9091191829372,-1.71363789954164,0.429857301873368,-3.98652737099826,6.70473962907083e-05,0.000997357498265389,"GB48275"
279.274035031547,-1.50265004196012,0.22455613909474,-6.69164534097264,2.20675174272504e-11,9.86407158299854e-10,"GB48289"
1743.04052474402,-0.495675883428581,0.144316035688979,-3.43465562272532,0.00059330729230949,0.00684075015300676,"GB48308"
519.928289112173,-0.932773624200464,0.187138561487546,-4.9844009528872,6.21540741929865e-07,1.45357234336897e-05,"GB48314"
766.907594560297,-0.970381540309609,0.149867906210533,-6.47491224002573,9.48670633892691e-11,4.00383131718245e-09,"GB48321"
43.7570451930691,-1.31353698169041,0.448876189635346,-2.92627903199207,0.00343043103781622,0.0298730626076242,"GB48344"
56.0377904933342,-1.22415180930539,0.399377667865096,-3.06514837409211,0.00217562035521459,0.0206070763081599,"GB48355"
366.017868306522,-0.890737813265254,0.191338454888778,-4.65529949942905,3.23510093585394e-06,6.64147192125309e-05,"GB48382"
134.185483563444,-1.38340250267742,0.307816159474381,-4.49424911622471,6.98158595695811e-06,0.000132256599109474,"GB48385"
7255.66686111817,-1.93675636840141,0.134086916508977,-14.4440368891005,2.73351543693098e-47,8.55307554300403e-45,"GB48391"
1003.91703275412,-1.4787011443381,0.178743829107533,-8.27273954978613,1.30915475578988e-16,9.13790019541335e-15,"GB48435"
53.013484596795,-1.35642859032162,0.410420268423593,-3.30497466787302,0.000949849846810071,0.0103344574459887,"GB48436"
609.537962288282,-0.438033420823051,0.158561505155609,-2.76254580450138,0.00573525138844145,0.0455307708650199,"GB48446"
171.56086707041,-0.777867896079571,0.24563567407401,-3.16675458079106,0.00154150351735707,0.0154872708870393,"GB48470"
5264.47117175147,-1.31288883773996,0.125872269495686,-10.4303262585168,1.8026825222406e-25,2.44142406071809e-23,"GB48497"
65.723693210672,-1.85580098932635,0.403661073238425,-4.5974237110305,4.27747171862603e-06,8.49316813453229e-05,"GB48505"
566.611433819766,-0.52786142109887,0.161511274284438,-3.26826361464558,0.00108209526706492,0.0115516852392319,"GB48600"
332.475323632586,-1.7038540427658,0.333346621805244,-5.11135836187135,3.19850585102781e-07,7.84411948438551e-06,"GB48626"
1081.53439388249,-0.470150619886152,0.137578125251072,-3.41733556136309,0.000632372829611547,0.00722689049860853,"GB48643"
933.302207431388,-0.50773788670063,0.141693053282801,-3.58336470939934,0.00033919648469562,0.0041258296275175,"GB48692"
200.915159825787,-0.717504671260636,0.256472867435989,-2.79758509519418,0.00514862029041263,0.0417130183171466,"GB48755"
503.205136471028,-0.61275179813015,0.167174710349132,-3.66533787826199,0.000247012250101869,0.00311304049642273,"GB48797"
585.603437467311,-0.583963118649252,0.199653888244079,-2.92487726527695,0.00344592103037038,0.0299218061527089,"GB48812"
106.318775034839,-2.56236421432133,0.403943422975634,-6.34337401868254,2.24786802184044e-10,9.10587251347327e-09,"GB48850"
1150.09353393273,-0.533991454823841,0.139071920021822,-3.8396784537098,0.000123195555029402,0.00170929123293088,"GB48881"
2259.52332530044,-1.62530868415496,0.248299748436568,-6.54575243989894,5.91965715886266e-11,2.54573313078293e-09,"GB48937"
84.3719242518717,-1.33561730944573,0.473568116678614,-2.82032776786816,0.0047974619244101,0.0394313129547983,"GB48945"
400.080639823206,-1.1358266935026,0.180323038034653,-6.29884404057307,2.99873519795036e-10,1.18306622548702e-08,"GB49067"
158.962854691009,-1.26716568353918,0.312948040008378,-4.04912484355313,5.14095165946027e-05,0.000790660938270212,"GB49105"
6404.60588954417,-0.698430254267326,0.135703505783877,-5.14673700014541,2.65056528450055e-07,6.60748060207638e-06,"GB49117"
299.305525543677,-1.70444949601036,0.254926674468355,-6.68603824831184,2.29293121725758e-11,1.01000280899977e-09,"GB49123"
220.049998847199,-2.55561909415172,0.294135128162891,-8.68858850730821,3.66970258898944e-18,2.89555489499914e-16,"GB49147"
247.734737904504,-0.766561040016433,0.227879247877249,-3.36389139053747,0.000768517804006818,0.00858809181472644,"GB49185"
636.931067824942,-0.930625522311977,0.222844344327005,-4.17612358582619,2.96518764061963e-05,0.000486548149204024,"GB49186"
39.3206884551545,-1.96622047474011,0.603807575181915,-3.25636933943355,0.00112846855387298,0.0120043653667566,"GB49239"
3174.61460376883,-1.99759669016417,0.141342352049318,-14.1330369928127,2.37669325440862e-45,6.34297487955996e-43,"GB49240"
132.124329208367,-1.28272843207733,0.350672591832065,-3.65790900673418,0.000254281283365127,0.00319577335907918,"GB49283"
121.735751527993,-1.04119294097377,0.350914854175238,-2.96708141187386,0.00300641341522288,0.0269035456900714,"GB49286"
606.709379244437,-0.600471697929269,0.163574509856692,-3.67093686207798,0.000241663037184617,0.00304986147345371,"GB49320"
29.92784258875,-2.00215912133845,0.573600709834536,-3.49051018768092,0.000482099231767084,0.00572587490713942,"GB49327"
394.644144400322,-0.815221385648448,0.242007932217152,-3.36857299750389,0.000755583859801909,0.00846440486894138,"GB49331"
166.298431295375,-0.871598815328155,0.266454681445424,-3.27109589743379,0.00107131575461337,0.0114906845831698,"GB49373"
269.702798376031,-0.738850382819851,0.235689573938636,-3.1348454260103,0.001719446868505,0.0168673090646642,"GB49394"
1458.00973359407,-0.995816870316284,0.131686229366658,-7.56204255453014,3.96788515751721e-14,2.23630993287647e-12,"GB49448"
732.167462946166,-0.486278393345738,0.151115946088713,-3.21791581849521,0.00129125709388724,0.0134676630688883,"GB49497"
592.02034288953,-0.635290839566791,0.201526297632198,-3.15239671958966,0.00161936096417108,0.0160591053430474,"GB49534"
188.213301036905,-1.14334924236943,0.255021217438469,-4.48334947912832,7.34804395838236e-06,0.000138045861031804,"GB49535"
217.607250937418,-7.1657926696688,0.856702260351657,-8.36439099241713,6.04262242214836e-17,4.31738235106884e-15,"GB49544"
82.2586896848206,-1.47907427309088,0.48010317782994,-3.08074251825675,0.00206485122984217,0.0196811555247772,"GB49545"
307.349999816232,-0.722533197517861,0.206040326737355,-3.50675622078047,0.000453604502037552,0.00541759743925763,"GB49548"
678.135230143407,-0.815427987311208,0.15469630828183,-5.27115350306641,1.35569025277076e-07,3.53492337748331e-06,"GB49562"
638.554520961843,-0.584109696246568,0.167781025519249,-3.48138113018956,0.000498835138903091,0.00589378912813366,"GB49567"
53.1713957074728,-5.11568234361475,0.67318413028587,-7.59923193887883,2.97893453540039e-14,1.70005358328447e-12,"GB49580"
323.745191145882,-1.9264477884877,0.203764879559267,-9.45426803998072,3.252898173002e-21,3.39273540480691e-19,"GB49614"
1200.8430205635,-0.616423496422267,0.155565901531815,-3.9624589344613,7.41817696508063e-05,0.00108568609324422,"GB49632"
619.338262086666,-0.772938782733103,0.182627818806155,-4.23231678386039,2.31296314632299e-05,0.000394508037401029,"GB49650"
280.005060630348,-0.801977956763333,0.202532516862516,-3.95974912664386,7.50285394261703e-05,0.00109279127889738,"GB49657"
40.9281303113723,-1.67732750462299,0.48186682889093,-3.48089431364999,0.000499742636985689,0.00589683314435389,"GB49696"
22.9440664116307,-3.28997678353068,0.726420931577105,-4.52902255499155,5.92571738773504e-06,0.000114161272985791,"GB49750"
329.63871230684,-0.748761734623969,0.250692661296248,-2.98677165399407,0.0028194022493136,0.0255832560102716,"GB49759"
319.956992665321,-1.21790132560216,0.21101827804469,-5.77154423250589,7.85483335474219e-09,2.50086869687476e-07,"GB49775"
17.9541334550799,-2.32480853796138,0.765174070695271,-3.0382740699106,0.00237937447428894,0.0221667802666302,"GB49778"
43.2406146747871,-1.39852336409469,0.499381804889461,-2.80050925044066,0.0051022045117923,0.0414851287992861,"GB49790"
49.8446085809141,-1.87437343250875,0.508769992789505,-3.68412732486808,0.000229487514222531,0.00292918583612881,"GB49796"
629.986500205254,-0.480981791489408,0.164132347994831,-2.93045092795819,0.00338470447864537,0.0296031807050692,"GB49826"
562.28831546643,-1.08236005980663,0.181606615689161,-5.95991536816703,2.52368600416757e-09,8.45015749144522e-08,"GB49869"
1512.0170256372,-0.766552215652044,0.14625873000989,-5.24106981921837,1.59648290360603e-07,4.11547893957986e-06,"GB49871"
283.49271507579,-1.82443531786315,0.321543966861098,-5.67398398319592,1.39514182008807e-08,4.27686380928351e-07,"GB49885"
115.649713889963,-1.79064334752216,0.299622250917965,-5.97633634363298,2.28211588159801e-09,7.78493214647381e-08,"GB49886"
97.249351990885,-2.31359251562046,0.37579575441414,-6.15651584256802,7.4362739117704e-10,2.77682096606603e-08,"GB49887"
504.439392609872,-0.687727241994985,0.178148955184347,-3.86040569973219,0.000113198921198431,0.00158269185046927,"GB49902"
85.9168958899939,-1.59443305538265,0.371704225252028,-4.28952093375201,1.79058936214528e-05,0.00031305988192883,"GB49921"
109.726788166935,-0.931028061514551,0.306970563808604,-3.0329555054505,0.00242171304330645,0.0223774176730781,"GB49936"
1401.28614390211,-3.49894834709297,0.14869073161191,-23.5317178761713,1.93202730406105e-122,1.753121575705e-119,"GB49937"
107.30326009755,-1.44075209859008,0.32930777130169,-4.37509291959636,1.21380762194768e-05,0.000217669769991171,"GB49940"
685.552711183139,-1.40612467628208,0.205254366203305,-6.85064440913918,7.35180542464895e-12,3.35227549865651e-10,"GB49993"
62.0129323094937,-1.89416982335504,0.415727094177842,-4.55628187309037,5.20670549628124e-06,0.000101603539082271,"GB50005"
142.850447901124,-1.30678539784289,0.290902502975789,-4.49217653500785,7.04989462615968e-06,0.00013327238299536,"GB50009"
74.6140517744456,-4.94320348838317,0.621966527289975,-7.94770019203708,1.9000580594471e-15,1.21416386136782e-13,"GB50010"
682.921508284223,-1.67349783394871,0.168464934751595,-9.93380513527232,2.96711762495519e-23,3.68816785326621e-21,"GB50011"
2314.82735840962,-1.63026184218424,0.187417148215892,-8.69857351743655,3.36082047851273e-18,2.67587284949905e-16,"GB50026"
293.612662460946,-0.581905081431484,0.199750908672761,-2.9131536136578,0.00357798543724628,0.0309500856602219,"GB50102"
936.955121122791,-3.05486884351869,0.164463331980653,-18.5747716936566,5.14233427285624e-77,3.11076941279317e-74,"GB50115"
102.163416685548,-1.72093906467232,0.334191767427317,-5.14955553190463,2.61104461361972e-07,6.54492232706776e-06,"GB50116"
82.933254360656,-2.24189878282255,0.3544144570811,-6.32564145742378,2.52182759856142e-10,1.00806447706372e-08,"GB50117"
1027.11162660112,-2.87304270621043,0.159839721813331,-17.9745226882071,3.0850734828339e-72,1.74962229895217e-69,"GB50121"
234.557125746147,-1.22273870392152,0.235493490753046,-5.19223992141579,2.07779006700286e-07,5.26249342584881e-06,"GB50123"
514.01231051835,-1.09836315810585,0.206784202447912,-5.31163959868995,1.08643299513244e-07,2.87413790024248e-06,"GB50136"
41.5536859726075,-2.2460095578367,0.491565259811458,-4.56909741485426,4.89829087146947e-06,9.62058254712424e-05,"GB50142"
30.1507979855355,-2.44955243371333,0.6126255473915,-3.9984496959738,6.37587278516053e-05,0.000953124705972762,"GB50156"
859.944621094208,-1.49540008474122,0.15804512112384,-9.46185541260372,3.02526684798713e-21,3.1920082998413e-19,"GB50224"
888.006395262068,-2.08671416842132,0.168959195221107,-12.3504030999353,4.84679655939576e-35,9.35741105956535e-33,"GB50226"
78.4507540149319,-2.23458558890735,0.399376441674054,-5.59518628475106,2.2038500955707e-08,6.55663467777329e-07,"GB50228"
661.745646074022,-1.33382619243547,0.238841886618527,-5.58455726221013,2.34296312735731e-08,6.91155255135437e-07,"GB50236"
1773.23182732243,-1.17928551139496,0.140016185266806,-8.42249422199142,3.68552638214112e-17,2.67539731132388e-15,"GB50272"
2996.48987173864,-1.51557729020932,0.198470075405749,-7.63630127670831,2.23550869741616e-14,1.3003208923304e-12,"GB50363"
64.6072079592244,-1.46880295019487,0.438262950363814,-3.35141939097425,0.000803984416040172,0.00891852639504709,"GB50405"
262.081588181717,-1.04523128296911,0.244221401609805,-4.27985129918746,1.87018224664528e-05,0.000324474831855818,"GB50418"
1184.07088491665,-0.879100187673166,0.136056171634179,-6.4613032772732,1.03805039716421e-10,4.3344320821561e-09,"GB50421"
62.050613423703,-1.30959183187868,0.388123563743251,-3.37416213344108,0.00074040744613325,0.0083046442103994,"GB50474"
584.245271590707,-1.7480268447134,0.233249572743869,-7.49423385496573,6.66867340371095e-14,3.66736621001656e-12,"GB50477"
557.450080122138,-0.757546283139916,0.167053946334594,-4.53474042225031,5.76743720258789e-06,0.000111348351438899,"GB50482"
358.100403283365,-0.745617325851622,0.200108065570596,-3.72607332805672,0.000194485847103486,0.00256134191091006,"GB50514"
62.446744769098,-2.16140918724688,0.443277325597506,-4.87597506669997,1.08272284967878e-06,2.40799684754541e-05,"GB50526"
365.105032435852,-0.537007834919172,0.190731141969864,-2.81552256948171,0.00486979762596892,0.0399115073497981,"GB50531"
356.527396475683,-0.518721633732085,0.189200966611093,-2.74164367668549,0.00611326183346955,0.0476152256454101,"GB50558"
101.349465990064,-2.15384033509153,0.367587349100078,-5.85939733879452,4.64549964603296e-09,1.51086966982448e-07,"GB50590"
170.558292261919,-2.46914593405722,0.280138582674974,-8.81401594339472,1.20740874737527e-18,1.03358745034747e-16,"GB50591"
180.819149874378,-1.04197946752076,0.24629021216359,-4.23069783556261,2.32967445475727e-05,0.000396612870590385,"GB50609"
91.4728367941969,-1.54148920132129,0.326560139748732,-4.72038382427007,2.35400026312324e-06,4.96748799711169e-05,"GB50646"
3954.48780130442,-1.57183031195094,0.189981312435458,-8.27360487092614,1.29968381309567e-16,9.13790019541335e-15,"GB50647"
316.791311346649,-9.53894660354285,1.04755463067425,-9.10591803446394,8.55399023603025e-20,7.84029367694329e-18,"GB50662"
86.5274856259887,-0.9525688936219,0.348152126660578,-2.73607087441572,0.00621776326593158,0.0482634592601054,"GB50669"
644.880081597723,-0.758309884653474,0.268218299973381,-2.82721158373136,0.00469552917931857,0.0387830227398386,"GB50761"
256.260252329565,-1.64503986477823,0.248607122320051,-6.61702629203216,3.66496332767321e-11,1.60656411764767e-09,"GB50814"
156.746194275244,-0.940673280961714,0.258649812968734,-3.63686047233069,0.00027598132645659,0.00343048569351658,"GB50819"
31.928674321982,-1.86846870449755,0.615357533939568,-3.03639526851238,0.00239425269146962,0.0222486891847401,"GB50829"
225.45550460037,-0.994170096289088,0.247235191557059,-4.0211512367148,5.79144058688569e-05,0.000878788158618742,"GB50866"
143.823410542666,-0.906798795741338,0.264135014712338,-3.43308817548823,0.000596747993392217,0.00686298009130669,"GB50871"
335.828301092547,-1.26398314615387,0.200871275229163,-6.29250321984494,3.12386846225886e-10,1.22709880634359e-08,"GB50880"
21.2358725558594,-2.60979574146608,0.716006222306402,-3.64493444352955,0.000267459970125848,0.0033428812244104,"GB50883"
379.198245954442,-0.797782967153823,0.181864022473476,-4.38670032864899,1.15083171475019e-05,0.000208020856168191,"GB50891"
2028.46491703361,-0.601368286917584,0.128439093501882,-4.68212808515946,2.83911981791684e-06,5.92233867305228e-05,"GB50897"
430.58509974668,-0.830771516874861,0.178771216106174,-4.64712124787168,3.36599340224755e-06,6.8328913046967e-05,"GB50924"
763.978126001829,-0.766169632980331,0.149542606913373,-5.12342033347164,3.0004245067073e-07,7.37827966771329e-06,"GB50931"
181.513067202899,-1.10572886255866,0.259405190295304,-4.2625548906709,2.02102832688564e-05,0.000349310686441148,"GB50941"
534.565260372442,-0.546470845688112,0.180498725590556,-3.02756068720247,0.00246536205729206,0.0227344464510855,"GB50943"
915.420296306449,-1.44958593220612,0.187009806827316,-7.75138992333523,9.08921166141492e-15,5.49836710771193e-13,"GB50944"
520.446451065132,-1.1642155199832,0.183970118139896,-6.32828598336767,2.47899378560659e-10,9.95326973920098e-09,"GB50971"
76.62232258891,-2.02347832234836,0.364303915146882,-5.55436886131877,2.78616588059295e-08,8.12915408376221e-07,"GB50974"
132.787017009817,-2.39225341055388,0.296763009784203,-8.06115766346166,7.55752794508328e-16,4.96934844736853e-14,"GB50976"
446.427640824775,-1.02542850494263,0.174601833531507,-5.87295381842361,4.28097761418615e-09,1.40236790148466e-07,"GB51003"
558.494445363439,-1.34885308885692,0.168120217897484,-8.02314620885998,1.0307054698516e-15,6.63306484640666e-14,"GB51043"
199.46558629097,-1.0947428765271,0.290020917009759,-3.77470317594461,0.00016019829672392,0.00215993959059858,"GB51046"
624.38679188402,-1.61970044104795,0.171471349544744,-9.44589545337024,3.5237830355144e-21,3.63350082548383e-19,"GB51059"
857.132608999538,-3.33286326681495,0.231447019954154,-14.400113112172,5.16589041870113e-47,1.42046332300891e-44,"GB51071"
148.349958668697,-2.73533856606514,0.290261869452908,-9.42369237551171,4.35497902590924e-21,4.44012131248319e-19,"GB51095"
84.3775731075594,-3.8962867546394,0.428381585393719,-9.09536471101665,9.42695422332397e-20,8.55401826224417e-18,"GB51107"
95.7381801458412,-0.967876919347703,0.328030177983955,-2.9505727957598,0.0031718529038796,0.0281343042520073,"GB51114"
81.8967410361938,-1.76465181709643,0.379476131605156,-4.65023138512582,3.31562829480742e-06,6.7656596626461e-05,"GB51174"
1310.77344665161,-1.96671283470873,0.136386354127753,-14.4201584336401,3.86454405536795e-47,1.13118944381964e-44,"GB51214"
49.5758932586731,-2.02140494356771,0.455498256233364,-4.43778854453417,9.08878397492887e-06,0.000166609345027282,"GB51219"
155.953869981818,-0.71911384098156,0.250899224048917,-2.86614613380134,0.00415502395652897,0.0351049230740632,"GB51226"
915.578094454351,-0.575405439534589,0.150461233255731,-3.82427703856847,0.000131156373688299,0.00180593768565648,"GB51237"
245.218015496135,-1.10157138479048,0.223612225152998,-4.9262574263852,8.38195545797593e-07,1.9158152097147e-05,"GB51250"
242.379813552426,-1.84735399945244,0.220067946306487,-8.3944710279599,4.67996395287734e-17,3.37031689749278e-15,"GB51273"
2125.9315425856,-2.9465316520195,0.155979215165278,-18.8905403126777,1.36442097552426e-79,8.84339709421941e-77,"GB51283"
225.759303680762,-1.21121242671911,0.244894257125494,-4.94585884101985,7.58088805129084e-07,1.73709540852053e-05,"GB51330"
901.34118162807,-0.827853649920632,0.167146853103396,-4.95285214498491,7.31335439026907e-07,1.6885846752494e-05,"GB51341"
3006.20668886561,-1.38008732341238,0.264032815994087,-5.22695377169815,1.72325563512524e-07,4.3923656272827e-06,"GB51356"
500.544219749395,-2.40777691372054,0.596869028475816,-4.03401215149179,5.48324804902747e-05,0.000836218366334039,"GB51383"
29.8254911882764,-2.50961885898504,0.590157078406704,-4.25245913471116,2.11435808388365e-05,0.000363365251006822,"GB51385"
177.457996800078,-1.00537304917607,0.315404416229448,-3.18756807908703,0.00143474678192814,0.0146115514020381,"GB51432"
21.1447979899387,-6.62445808029571,1.60848755224166,-4.11843913312451,3.81447289688495e-05,0.0006085168163778,"GB51436"
73.2586112215784,-1.46468246699915,0.470290132607947,-3.11442313041293,0.00184304973620122,0.0179056031116594,"GB51482"
222.874927388566,-1.07656646886911,0.284664800576974,-3.78187421376674,0.00015565201348196,0.00210803935870941,"GB51545"
285.870381254351,-0.627750468593736,0.225245695678583,-2.7869587771813,0.0053205246678336,0.0427621265154314,"GB51550"
666.18025879258,-0.563067441411523,0.171806071089155,-3.27734309877403,0.00104788951722226,0.0112794181248811,"GB51598"
369.890369167721,-0.865078498945675,0.196540339229261,-4.4015315244601,1.07489446767861e-05,0.000194682483028257,"GB51612"
91.7709719470917,-1.06578561752648,0.333979101759322,-3.1911745732358,0.0014169563582019,0.0144465865104764,"GB51631"
881.541072127912,-0.944417729999434,0.165010816819556,-5.72336861426595,1.04432336498661e-08,3.29034382426683e-07,"GB51647"
325.833638136016,-1.34842058899929,0.280333753353682,-4.81005434724823,1.50889264028639e-06,3.29920284770089e-05,"GB51651"
205.111225928615,-2.8732064727495,0.305081548155497,-9.41783103606468,4.60501975049149e-21,4.64288324621776e-19,"GB51652"
1654.52690128927,-2.98337513106567,0.144036585862927,-20.7126204303733,2.66554685161725e-95,2.01559767763125e-92,"GB51653"
643.419183125662,-0.701300842142461,0.154436366943872,-4.54103431737256,5.59789179402445e-06,0.000108305480040465,"GB51659"
175.669258127995,-0.696511724403408,0.255890993175618,-2.72190793337298,0.00649062221613427,0.0496592799234421,"GB51666"
22904.5909282532,-4.31745486411531,0.168490511881942,-25.6243204195407,8.17507184186795e-145,9.27257523663872e-142,"GB51696"
202948.053876806,-3.1594545422558,0.13025343084243,-24.2562097736822,5.68624055834924e-130,5.732994091829e-127,"GB51697"
13703.0000466185,-4.56187906244978,0.135575806606059,-33.6481793960862,3.31508455269285e-248,1.00270257437117e-244,"GB51698"
70.7192225511228,-1.47377376207687,0.362432661986957,-4.06633815505819,4.77576245762929e-05,0.0007433150693058,"GB51733"
268.388973463428,-1.25134577619179,0.21482056986735,-5.82507427926704,5.70872033594418e-09,1.83691235206941e-07,"GB51744"
2245.85890992415,-1.15339753774805,0.182884005476065,-6.30671629673486,2.85017572889962e-10,1.13431993701908e-08,"GB51760"
744.478168592781,-0.75375037803761,0.153277937840543,-4.91753991903091,8.76385893897526e-07,1.98808140030654e-05,"GB51763"
356.839299794455,-1.06402337434076,0.195888061889671,-5.43179285187906,5.57906643292595e-08,1.56248298803611e-06,"GB51775"
15.2675270219198,-2.48247355005818,0.856039966464081,-2.89995052487114,0.00373221564764146,0.0321005922148802,"GB51783"
656.866721668533,-0.887946445679225,0.163284530791347,-5.43803164559347,5.38724077145871e-08,1.51343104520794e-06,"GB51787"
311.810000552063,-0.644241200791685,0.207126339760635,-3.11037795355337,0.0018684809308162,0.0180945527921304,"GB51889"
390.152041602396,-0.972127162135039,0.191533443418602,-5.07549566688687,3.86487164740544e-07,9.37696399159278e-06,"GB51940"
43.0445140504722,-2.96878403314081,0.53394910608974,-5.56005057276348,2.69696488831342e-08,7.89427722469547e-07,"GB51989"
222.025974771674,-2.02629789343964,0.368397511307664,-5.50030288273962,3.79139397538428e-08,1.08527157516205e-06,"GB52023"
46.2254741372709,-1.44209357164799,0.512693822109854,-2.81277735259894,0.00491156461032297,0.0401147950261662,"GB52028"
16.1053664629467,-2.25982067853881,0.795823282202597,-2.83960111381048,0.00451699771155015,0.0376720930465129,"GB52036"
2877.95706471456,-0.567838090601281,0.126516957359649,-4.48823701147897,7.18150067051061e-06,0.000135196964905007,"GB52074"
15.3558112682016,-2.46534361716648,0.819696775840772,-3.00762878399485,0.00263294538888296,0.0240476857137481,"GB52078"
133.877897017036,-1.11110528547674,0.27190363402134,-4.08639365735558,4.38130162042266e-05,0.000691407493977656,"GB52106"
378.260730579623,-0.62958415841335,0.194889919593025,-3.23046035283953,0.00123591044108501,0.012994960999311,"GB52109"
644.289004862435,-1.7056231047961,0.160947771473863,-10.5973701230967,3.06477475433527e-26,4.34527595638098e-24,"GB52115"
209.083465240985,-1.10813735075442,0.240780256781817,-4.6022766383149,4.17897627804633e-06,8.33407269164668e-05,"GB52157"
137.822335967734,-1.42691564239892,0.344589498295752,-4.14091447782382,3.45923928266285e-05,0.000559521163117338,"GB52158"
2146.8757696269,-0.858162147531932,0.216628179145576,-3.96145206462377,7.44953389807217e-05,0.00108851965525132,"GB52202"
4432.39265253426,-0.544057558351076,0.114577883166858,-4.74836454744736,2.05068158374534e-06,4.37832580962475e-05,"GB52212"
310.710718036227,-1.3410218882244,0.260545191256286,-5.14698383707762,2.64708125012783e-07,6.60748060207638e-06,"GB52266"
96.5012708527003,-1.06933585681333,0.329408229033931,-3.24623297951425,0.00116943094009341,0.0123676181240182,"GB52275"
32.7449137026974,-1.81661521937525,0.56551178916814,-3.21233837060667,0.00131659207809743,0.0136690577993777,"GB52278"
2828.49999892971,-1.00738761714795,0.130037371262886,-7.74690850302867,9.41567502041454e-15,5.65813477716831e-13,"GB52316"
2601.18457269557,-0.692067996319214,0.190024622907096,-3.64199115741738,0.000270537368173327,0.00337205505330325,"GB52324"
465.125847376958,-0.620183936880388,0.207957581060118,-2.98226173683516,0.00286127266299019,0.0257827091797149,"GB52347"
93.3214423723185,-1.21795963536597,0.392950572571313,-3.09952375790199,0.00193832031787334,0.0185923029221804,"GB52348"
413.099540323786,-1.06748382345899,0.194110704132223,-5.49935578375857,3.81181321278628e-08,1.08768531738436e-06,"GB52360"
747.844714141994,-1.93925956674738,0.162176816329785,-11.957686743609,5.91878299935901e-33,1.09606197828946e-30,"GB52424"
255.758366624094,-0.791919498781523,0.227683362034647,-3.47816147699459,0.000504865688872781,0.00594183042909419,"GB52427"
197.057756296169,-1.10871012297845,0.277428360305906,-3.99638350511799,6.43175095507186e-05,0.000959896515893455,"GB52432"
392.280471906585,-0.89735302965003,0.191480192052351,-4.68640134539185,2.78050753770697e-06,5.81343903160207e-05,"GB52438"
245.050169316609,-1.36246504596162,0.239025716934654,-5.70007722781603,1.19753164949946e-08,3.74703523708899e-07,"GB52528"
519.825302501768,-0.631114684924331,0.199147463395063,-3.16908221759442,0.00152921130427018,0.0154007362652026,"GB52537"
482.369994316612,-1.10251648975685,0.204861164887023,-5.38177399491442,7.37553310503102e-08,2.00977739925079e-06,"GB52555"
3625.6213946259,-2.69839835217995,0.207295457476331,-13.0171610368648,9.77375807864973e-39,2.16309953184555e-36,"GB52590"
869.201831407417,-2.22552998369775,0.195878184988362,-11.3618062360031,6.47910027171694e-30,1.06893374301017e-27,"GB52591"
77.113807842514,-1.29183524527848,0.368505877218045,-3.50560282791393,0.000455574485289773,0.00542504314897559,"GB52595"
43.8933330007855,-1.47198702464219,0.487267280435443,-3.02090266214214,0.0025202236361225,0.0231228607423413,"GB52596"
70.0707189715324,-1.16033803706774,0.374760364718906,-3.09621333071887,0.00196009287506371,0.0187550948331159,"GB52601"
69.4248022112017,-1.14331223996763,0.413343935795257,-2.76600704874971,0.00567473081925297,0.0451292791007024,"GB52634"
82.0206399495675,-1.25008156138363,0.337605986179403,-3.70278257068386,0.000213247635171284,0.00275642313610289,"GB52635"
183.008176104495,-1.02797471132717,0.287489891256687,-3.57568993759622,0.000349305458743504,0.00423743012384834,"GB52636"
98.174458252183,-1.30514634784335,0.376714582859448,-3.46454957473811,0.000531120236492123,0.00617078748518505,"GB52642"
2490.74357284344,-1.03908314775628,0.173233486514316,-5.99816564720824,1.99558902068812e-09,6.91144075332976e-08,"GB52656"
667.404802070462,-0.886295732612298,0.184446349986278,-4.80516818401793,1.54621473646438e-06,3.36459293013856e-05,"GB52658"
212.688446203708,-0.910591831592183,0.230986131287968,-3.94219266115574,8.07400774119672e-05,0.0011610704634488,"GB52671"
115.649117727629,-1.2312503872741,0.339382241102773,-3.62791636731884,0.000285717774880443,0.00353215679736395,"GB52701"
328.034619978428,-1.90178131115839,0.218014923871793,-8.72317031047269,2.70518926248516e-18,2.23153521525367e-16,"GB52702"
234.644194273863,-1.53309445634026,0.237909906134166,-6.4440126989739,1.16355342879188e-10,4.79912900584432e-09,"GB52829"
908.781791910008,-0.500099526643589,0.179895219498973,-2.77994895048584,0.00543674444317194,0.0435419409332235,"GB52848"
147.59314324463,-0.911975050561539,0.260069584203823,-3.50665785602518,0.000453772197458976,0.00541759743925763,"GB52907"
291.971281052994,-1.46063670667457,0.220790543181657,-6.61548581577076,3.7033349599438e-11,1.61557987627548e-09,"GB52923"
863.188653072148,-0.745636568634211,0.177132420518011,-4.20948670183386,2.55951505754709e-05,0.000432496082535983,"GB52925"
947.003382369801,-1.24828244703016,0.14172226514091,-8.80794874248609,1.27456689815722e-18,1.080880376998e-16,"GB52938"
169.487228408678,-0.946209034997991,0.31647716759214,-2.98981769268556,0.00279143997036655,0.0253548811722784,"GB52995"
1797.05974663961,-0.672980710584262,0.198075232889157,-3.3976015111433,0.000679793620590094,0.00768175256940786,"GB52999"
204.918352813843,-0.958248258344283,0.2360378019806,-4.05972369808392,4.91308190332197e-05,0.000762073593004163,"GB53015"
1000.32826009503,-0.742661935706844,0.182494427543553,-4.06950472791618,4.71131836500557e-05,0.000734544722406539,"GB53018"
1219.19809473056,-0.794110620850219,0.178409829965194,-4.45104746193156,8.54524511276231e-06,0.000158243988067766,"GB53023"
583.473734391969,-0.87493346446558,0.199844124665784,-4.3780794953507,1.19729681815086e-05,0.000215134085701009,"GB53043"
132.949407969918,-2.19314452915988,0.292205953995511,-7.50547515946088,6.12061771279958e-14,3.38649299548435e-12,"GB53064"
154.505214764676,-1.31609765341762,0.260060297814631,-5.06074039165996,4.17631538600033e-07,1.01055695500179e-05,"GB53070"
451.364314086745,-0.780233035084602,0.233208588451993,-3.34564451619763,0.0008209156751966,0.0090620302150048,"GB53125"
24.6760311667445,-1.86122654592887,0.606693955093032,-3.06781785166043,0.0021562800771686,0.0204666165483555,"GB53170"
55.9024097333579,-2.15739593838982,0.429473813123282,-5.02334687812627,5.07787116262001e-07,1.2030444629142e-05,"GB53221"
596.262483831964,-0.53235502028617,0.18758339764819,-2.8379644838537,0.00454022342603606,0.037796318686102,"GB53247"
34.1828716942369,-2.44379485983697,0.545147158587727,-4.4828168345735,7.36641546997301e-06,0.00013810507019532,"GB53261"
127.623797023476,-0.918514837470724,0.279731687385031,-3.28355663263295,0.00102506046918422,0.0110730936873543,"GB53312"
851.942288465792,-1.1050256961623,0.148611544053221,-7.43566526545586,1.04042997912377e-13,5.58630865714145e-12,"GB53314"
1886.90268553548,-0.624946101661077,0.133750779962964,-4.67246697054122,2.9760338656532e-06,6.16541810432354e-05,"GB53340"
567.750088203808,-0.81691492810501,0.18823903385916,-4.33977433562597,1.42629107973117e-05,0.000252283923147771,"GB53341"
179.000986866596,-1.18357241865494,0.317172141998259,-3.73164052554601,0.000190236839781749,0.00250902483165639,"GB53358"
1027.71707451359,-0.537986293351412,0.141868190095963,-3.79215589476053,0.000149345109222688,0.00203477105268269,"GB53363"
392.128505571042,-0.689143091822826,0.179239470111545,-3.84481772566029,0.0001206420796974,0.00167642608143064,"GB53375"
300.32331168268,-1.7075384428147,0.207699098506009,-8.2212125863671,2.01455801238174e-16,1.3848560154812e-14,"GB53385"
603.878586449913,-0.480461487716879,0.157773439417626,-3.04526217778076,0.00232477556606731,0.0217923693042301,"GB53389"
1294.87025484865,-0.588818896445502,0.132886037184193,-4.43100651447182,9.37942552633239e-06,0.000171245286168894,"GB53394"
211.106078728305,-1.26618924418324,0.236817760088329,-5.34668195371399,8.95812230607419e-08,2.41204753131505e-06,"GB53401"
297.895605669807,-1.84131248754704,0.25271844784671,-7.28602325329219,3.19237900891125e-13,1.62739590600341e-11,"GB53414"
284.5004252387,-0.592701969316386,0.215977095191107,-2.74428160445409,0.00606434911437193,0.0474229158496043,"GB53421"
900.178435504501,-1.07588845307612,0.145290791870773,-7.40506978606776,1.31081518354599e-13,6.91531219505598e-12,"GB53424"
173.404735239647,-1.15506575438007,0.25616355272463,-4.50909484231639,6.51048009678333e-06,0.000124109446214731,"GB53512"
159.120554833507,-1.4644408570924,0.263865937064587,-5.549942798164,2.85763082694968e-08,8.31094298837866e-07,"GB53549"
330.744520582222,-1.1996386276909,0.227048874638555,-5.283614065917,1.26659938100598e-07,3.332896073463e-06,"GB53550"
73.3432746993035,-1.72460988481655,0.455309171328295,-3.78777761006936,0.000152000807521344,0.00206475348420461,"GB53578"
314.64577631186,-0.537660099943735,0.19534162426428,-2.75240928280768,0.00591585342309249,0.0466381007481679,"GB53582"
71.165119081645,-1.32087651108826,0.374338413089197,-3.52856256505401,0.000417823166229699,0.00502162570909707,"GB53611"
117.243406975553,-1.89040318184472,0.364145335313859,-5.19134257264443,2.08783076185318e-07,5.26249342584881e-06,"GB53655"
1636.36931017062,-1.46184553836159,0.164702619785284,-8.87566658179051,6.95158035375847e-19,6.00748953619089e-17,"GB53672"
819.477433284538,-0.571255082266242,0.207632536103948,-2.7512792213849,0.00593630199138425,0.0467181303294195,"GB53703"
222.653545920171,-0.811201960617301,0.266361305959737,-3.04549475643403,0.00232297829017837,0.0217923693042301,"GB53709"
2813.48186782046,-0.868864470104307,0.132660285938479,-6.54954468066834,5.77127724027304e-11,2.49374141324941e-09,"GB53719"
5054.13492331759,-0.77414067260731,0.14300224378643,-5.41348619510801,6.18093617634565e-08,1.70993338000489e-06,"GB53729"
616.463373363487,-0.55370187397556,0.187606961402843,-2.95139300714227,0.00316344122644169,0.0281027744112826,"GB53747"
228.037976278384,-1.04424976339622,0.218343586886713,-4.78259873938053,1.73043338267773e-06,3.75644796995639e-05,"GB53753"
1481.21771790185,-6.22425107018624,0.2378145246471,-26.1727120301949,5.43553688277961e-151,7.04600881062031e-148,"GB53755"
170.862261108638,-1.76016941975385,0.273213593487952,-6.44246648668844,1.17547326167169e-10,4.82635492145198e-09,"GB53768"
467.822193519069,-0.794897580833007,0.169918399666219,-4.67811362627281,2.89526103191667e-06,6.02559601000273e-05,"GB53791"
182.881979450534,-1.94843137458877,0.331235508267723,-5.88231432305843,4.0456908553405e-09,1.33009416019419e-07,"GB53805"
253.42498504495,-0.590691097081917,0.215963601643311,-2.73514190626211,0.00623533887648529,0.0483172202948143,"GB53836"
3480.21103407416,-2.9240066698982,0.185819283307455,-15.735754749738,8.60248425183654e-56,3.54813373187113e-53,"GB53887"
89.0435298686022,-3.46507680565668,0.469365560449075,-7.38246922578086,1.55380455598156e-13,8.14983961906165e-12,"GB53888"
110.560930195187,-1.75367517435669,0.55490426476165,-3.16032023129242,0.00157595822892605,0.0157145549112912,"GB53925"
257.434576369693,-0.87851529802013,0.21386662920252,-4.10777175146958,3.99494605073091e-05,0.000634853598324559,"GB53948"
437.696298009065,-0.618875666985059,0.212788876500311,-2.90840234303391,0.00363280618974811,0.031334680005489,"GB53949"
152.718710015704,-0.706724148434798,0.253262837083084,-2.79047710502806,0.00526304223544707,0.0423751954254185,"GB53953"
471.627082851756,-0.736190854336657,0.173574066159876,-4.2413643387173,2.22165157717257e-05,0.000379647201718718,"GB53979"
165.846228038343,-1.03027973932349,0.357879942186409,-2.87884180663819,0.00399138491548359,0.0340497079337438,"GB54118"
52.3677720397529,-2.5488142736462,0.451232083399812,-5.64856615345729,1.61791592141213e-08,4.89365635696455e-07,"GB54121"
161.841413842764,-1.34453702364311,0.298581174586737,-4.50308706000662,6.6973431640266e-06,0.000127403966185277,"GB54123"
44.0411477043576,-1.77146628641627,0.459928523200291,-3.85161214636134,0.00011734277027459,0.00163617816317525,"GB54127"
1339.02217519983,-0.602945983063018,0.142006490759365,-4.24590439379797,2.17713455900527e-05,0.000373446483712927,"GB54181"
1606.62124763626,-0.504753558200441,0.136382195264318,-3.70102238948561,0.000214732526124855,0.00276773145178542,"GB54222"
223.810927459445,-1.87921547779035,0.231703356616823,-8.11043700544263,5.04380315299975e-16,3.34069122703064e-14,"GB54237"
296.602431758901,-2.2786349434597,0.216986487933963,-10.501275748346,8.52205052130883e-26,1.17165282470237e-23,"GB54260"
260.95355050143,-0.968559134855079,0.206646842283273,-4.6870260593064,2.77203681854865e-06,5.80911364700011e-05,"GB54294"
414.699209809705,-0.873846852089478,0.206578163397757,-4.23010272584777,2.33584619963621e-05,0.000396737354297381,"GB54298"
102.245244764153,-2.2392948855616,0.324456238478954,-6.9016854046616,5.13891431086575e-12,2.40363445653587e-10,"GB54315"
624.311184099082,-1.92234851657368,0.206753083281654,-9.29779854337129,1.43383593756818e-20,1.38410928696742e-18,"GB54347"
1758.3358758009,-0.703434086970134,0.141121329968484,-4.98460500001829,6.20885217686251e-07,1.45357234336897e-05,"GB54351"
36.2417599038225,-1.56493750131416,0.511208275148292,-3.06125228677138,0.0022041328924856,0.0208336477775149,"GB54361"
58.3179836328165,-1.75551694137979,0.547233984595584,-3.20798230884208,0.00133669720724721,0.0137476341753892,"GB54367"
267.226757621515,-0.955645957949904,0.315076470133977,-3.03306037909954,0.00242087157224466,0.0223774176730781,"GB54397"
14332.8266312244,-10.2108421835792,0.687880789099556,-14.8439124124186,7.61802821394989e-50,2.56022177827338e-47,"GB54419"
174.051411163618,-1.0348403529357,0.24630160320349,-4.20151691859158,2.65132428695835e-05,0.000444903127267187,"GB54477"
211.756285397819,-0.69096590573043,0.222495231973228,-3.10553129432262,0.00189937521159457,0.0183155480021351,"GB54503"
24316.9392411513,-1.85572010036748,0.132207392231654,-14.0364322224576,9.32924481976143e-45,2.41867335698615e-42,"GB54507"
268.598261760022,-3.84687153309251,0.310572022782843,-12.3864071806053,3.09606151128181e-35,6.1073178594285e-33,"GB54508"
560.845982811213,-0.809889396794239,0.259158091747195,-3.12507856240999,0.00177757578475519,0.0173437878181383,"GB54533"
165.167542395591,-2.28422387366389,0.277735207382041,-8.22446637282759,1.96061790274165e-16,1.3580646449983e-14,"GB54543"
44.5521162383241,-2.75143305547352,0.517232106226394,-5.31953260896223,1.04034166684063e-07,2.77648831909173e-06,"GB54544"
84.3922477695141,-2.41921521300719,0.480459514717334,-5.03521137349205,4.77321832932694e-07,1.14280166544361e-05,"GB54545"
4665.48643521742,-1.10989764326736,0.131580830085954,-8.43510139389094,3.30915790300737e-17,2.42155635579749e-15,"GB54549"
543.951260190626,-1.09201357218273,0.255790678714054,-4.26916875029478,1.96202792170138e-05,0.000339760331326686,"GB54554"
1012.97718942456,-0.777464398045705,0.162583174985348,-4.78194867406034,1.73604010481144e-06,3.75962479977541e-05,"GB54601"
597.320564918863,-0.567908514310464,0.171397694098723,-3.31339646835247,0.000921702237894566,0.0100886925291379,"GB54611"
508.446642626347,-0.972975704595233,0.185975292420618,-5.23174714195187,1.67915341225105e-07,4.30413504597911e-06,"GB54623"
124.789743794248,-1.25162175105229,0.297934661349659,-4.20099408837621,2.65745531164663e-05,0.000444903127267187,"GB54634"
104.453778401798,-1.03046144297887,0.358719793461105,-2.87260826350413,0.0040709856523747,0.0345557753130477,"GB54675"
327.323235559584,-1.20896767428205,0.194336951404609,-6.22098713365623,4.9403668112249e-10,1.88356674138885e-08,"GB54692"
1132.23803973298,-1.38938791223759,0.144742504047657,-9.59903189031559,8.06988116942002e-22,9.04025947300213e-20,"GB54693"
69.3145995210441,-1.03209301994061,0.366785094490981,-2.81389030100292,0.00489459280619617,0.0400121938048865,"GB54723"
133.652260197439,-1.08417974351934,0.289631829713186,-3.74330316040529,0.00018161688650514,0.0024124302853338,"GB54731"
2117.42445717612,-0.46351740127215,0.141752026576722,-3.26991728066249,0.0010757893809299,0.0115114538237711,"GB54753"
33.2866446419138,-2.93982480522619,0.584264651972353,-5.03166637807364,4.86234872793993e-07,1.15803024559913e-05,"GB54776"
256.303714590318,-0.949772475733993,0.217581439331609,-4.36513554948258,1.27043953480108e-05,0.000226928510606004,"GB54779"
434.250408644923,-0.682341631300733,0.196148322499452,-3.4787023544524,0.000503847874833156,0.00593755274835851,"GB54783"
205.555690640061,-1.59898581295675,0.267031383986202,-5.98800706151967,2.12427842994421e-09,7.32916443852235e-08,"GB54817"
293.914377656322,-1.88429079741946,0.221315528374471,-8.51404694130272,1.67965971524109e-17,1.25960597157832e-15,"GB54818"
232.448639154876,-0.653119007416122,0.214795210431029,-3.04065908222772,0.00236060950803667,0.0220372126295522,"GB54848"
235.776654675624,-1.53123523093079,0.2452459915264,-6.24367077887984,4.27419153286803e-10,1.65038357315934e-08,"GB54851"
219.7458267572,-0.929378863796591,0.252292552451056,-3.6837348338964,0.000229841339577222,0.00292918583612881,"GB54856"
74.623069228528,-2.05727796251941,0.380877396231557,-5.40141783911136,6.61162202061132e-08,1.82352152629262e-06,"GB54861"
540.228086207113,-2.15191219411962,0.233786918611942,-9.20458769419659,3.42985418194019e-20,3.24192675488805e-18,"GB54862"
94.5483712897737,-2.99609088989211,0.479232634571895,-6.25185071665364,4.05617018658208e-10,1.57289266124127e-08,"GB54863"
209.887914913164,-1.07702485525575,0.271679366607944,-3.96432334447389,7.3604429661439e-05,0.00108072264522314,"GB54886"
88.1190431636667,-1.40487981663115,0.355840242597353,-3.94806333981969,7.87859620057497e-05,0.00113657204966641,"GB54893"
273.76401395501,-1.7688674495166,0.309612588995204,-5.71316384536289,1.10894813290647e-08,3.48186690588004e-07,"GB54923"
772.557535709783,-0.449643344392501,0.16246863073519,-2.76757022175796,0.00564758772488336,0.0450318198731034,"GB54934"
114.556294433299,-2.07400137269902,0.511091975281995,-4.05798070211274,4.94988569722744e-05,0.000766472061717437,"GB54935"
28.8744717904572,-1.96077329139465,0.666550520630859,-2.94167243247949,0.00326445040350318,0.0287868055990164,"GB54941"
12.5118786167625,-3.14675883553151,0.964616902492622,-3.26218504714163,0.00110556948936329,0.0117745745850734,"GB54942"
1345.7947878126,-0.700689949904069,0.150219883652366,-4.66442878843909,3.094754762774e-06,6.39676645043538e-05,"GB54953"
158.710232319756,-3.53700997479459,0.320031913898145,-11.0520539395964,2.14255959256154e-28,3.41080451629885e-26,"GB55000"
79.3515630182575,-1.32978914939913,0.381223661375147,-3.48821252228238,0.000486261410267262,0.00576022981300931,"GB55006"
85.6112819354573,-1.15611803231794,0.392128052076534,-2.94831758706285,0.00319508639002979,0.0282780141213734,"GB55007"
337.385588200778,-0.681106261471655,0.191138592135279,-3.56341570722463,0.000366060277913214,0.00442884128237933,"GB55020"
558.815557815074,-0.935677207499897,0.193389709388216,-4.83829884464842,1.30955139759637e-06,2.89120909532589e-05,"GB55030"
402.328719736509,-1.01520396483953,0.183506201096661,-5.53225972077521,3.16131336675599e-08,9.16477875078078e-07,"GB55070"
975.263875024931,-1.0094739440874,0.164886096725369,-6.12225023295178,9.22629745939439e-10,3.40322858319287e-08,"GB55164"
191.113263513614,-1.11706112076867,0.273951538333517,-4.07758659638819,4.55055837423284e-05,0.000711927011858428,"GB55186"
242.214375521986,-1.64792524042564,0.242959200924988,-6.78272415348627,1.17930680861185e-11,5.32389551310645e-10,"GB55220"
360.241618137095,-1.02465651359167,0.211429731554164,-4.84632178293794,1.25771463776017e-06,2.78353722513068e-05,"GB55229"
145.490816092696,-1.42670857051763,0.275712783618564,-5.17461886167531,2.28376687363603e-07,5.74041568182087e-06,"GB55242"
352.308379128403,-1.22581826622902,0.247685514207578,-4.94909147251018,7.45607015870698e-07,1.71281976253436e-05,"GB55263"
514.937341722986,-0.635486050117055,0.227312183125303,-2.79565327902707,0.00517949341737124,0.0418510447633363,"GB55301"
1284.7768094157,-0.639255595968433,0.142377334523426,-4.48986910808653,7.1266953052836e-06,0.000134444143867242,"GB55302"
49.7717776312305,-1.68317883359852,0.530341015466661,-3.1737670376436,0.00150474412420691,0.0152049534332444,"GB55307"
179.143811885401,-1.17833331526363,0.258909951544172,-4.55113180561774,5.33581073077305e-06,0.000103876625098476,"GB55325"
126.509806950753,-1.19121756048656,0.285114915538317,-4.17802610655236,2.94049910076472e-05,0.000484355739816704,"GB55326"
441.748207969902,-0.633976762193984,0.176001293138178,-3.60211422819633,0.000315639603309088,0.00387042400057658,"GB55328"
102.421507654759,-1.96514772397787,0.327378147872824,-6.00268446976879,1.94081558695942e-09,6.77344639848839e-08,"GB55330"
1620.09924790266,-0.948951729397106,0.13081722182092,-7.25402753695657,4.0455781542117e-13,2.0394208984065e-11,"GB55348"
1149.01248449633,-0.772771871806306,0.138880156712999,-5.56430731427864,2.63195764760309e-08,7.72892676192571e-07,"GB55378"
504.639374555318,-0.710668488438804,0.182660106143149,-3.8906606562566,9.99716608889836e-05,0.00141079759083458,"GB55387"
105.0354626173,-1.76252472993105,0.396954601697513,-4.44011663397752,8.99101362756756e-06,0.000165485715327684,"GB55388"
143.189453914843,-0.956526982714714,0.289263989633663,-3.30676135638627,0.000943812603488432,0.0102810991165114,"GB55389"
145.500251038808,-0.886922884085969,0.312067744943888,-2.84208444626484,0.00448196181041664,0.0374968977989655,"GB55406"
575.760747308587,-1.88497578343739,0.199204051017093,-9.46253740229232,3.00559524449444e-21,3.1920082998413e-19,"GB55451"
1901.82042970211,-1.58703277395951,0.150917984123496,-10.5158625274297,7.30096691963618e-26,1.01921498198121e-23,"GB55452"
640.324783167151,-1.01829342935641,0.157812008980027,-6.45257250026699,1.09967244561547e-10,4.55635971302046e-09,"GB55466"
28.1222276747427,-1.58516869613605,0.561246401023135,-2.82437213538712,0.00473733460969586,0.0390529258242424,"GB55481"
1178.16252649219,-2.30305156175294,0.191162448857526,-12.0476148716289,1.99643507090021e-33,3.77409413194761e-31,"GB55483"
374.946776044973,-0.977300605705374,0.209748221848239,-4.65939876435514,3.17134317627791e-06,6.52534421350244e-05,"GB55489"
1442.82347644007,-1.35570695997311,0.140472468433989,-9.65105102150454,4.8654476519556e-22,5.58849012580318e-20,"GB55490"
189.464318534488,-0.87411692733737,0.242581289578014,-3.60339797375944,0.000314084066013823,0.0038617870122079,"GB55491"
1026.2307862398,-0.732309466238796,0.167980248988947,-4.35949744476795,1.30361475931648e-05,0.000231941182863485,"GB55499"
442.083162193123,-0.646721959474538,0.176032115044467,-3.67388620713427,0.000238889153631216,0.00301905317555662,"GB55514"
255.005205551258,-1.59032204461828,0.245993081263819,-6.46490558371729,1.01362077298394e-10,4.25814578428532e-09,"GB55515"
548.571480329318,-1.21056259531317,0.168784244123869,-7.17224881739998,7.37756954147796e-13,3.65814568411864e-11,"GB55521"
604.023021360778,-0.655584888005338,0.175025312043682,-3.74565758718214,0.000179921861335663,0.00239385772692054,"GB55538"
254.722680785534,-0.647162568969302,0.213066874101804,-3.03736829902562,0.00238653666960204,0.022210701271763,"GB55544"
21.3022811475426,-3.74464791380403,0.858448317604385,-4.36211224020331,1.28812753146191e-05,0.000229635937534093,"GB55545"
547.480909892478,-0.720204012232294,0.236142702472318,-3.0498677481542,0.00228942156144516,0.0215500116686238,"GB55574"
409.431187484527,-0.709697564399058,0.217031581960335,-3.27001977310733,0.00107539966973685,0.0115114538237711,"GB55590"
297.313356002551,-1.78980034913612,0.234286551982511,-7.63936441930191,2.1829664037841e-14,1.27795078373787e-12,"GB55591"
557.240269638713,-1.37987167519015,0.174503362331249,-7.90742170669941,2.62774291534992e-15,1.65584300096425e-13,"GB55598"
31.8858616554902,-1.51602003500877,0.544365861761263,-2.784928559083,0.00535395177796842,0.0429927065781287,"GB55599"
807.133208541234,-0.627194121808813,0.160706941093603,-3.9027195561112,9.51178898359836e-05,0.001344392106498,"GB55601"
1475.4106736282,-1.14839164155457,0.242953059000515,-4.72680461929122,2.28080530255677e-06,4.83552040079443e-05,"GB55610"
118.994901647707,-0.901618655457251,0.296021602947552,-3.04578668070045,0.00232072421585179,0.0217923693042301,"GB55619"
58.8794734468133,-2.29029438222252,0.472050404201115,-4.85180048960777,1.22345665967498e-06,2.71433880926425e-05,"GB55650"
121.109261728967,-1.31149364566512,0.295099514614658,-4.44424196148773,8.82022965403057e-06,0.000162672284310312,"GB55664"
322.929278349798,-2.43397014215345,0.296817650689356,-8.20022035920229,2.39946781778068e-16,1.62483365511507e-14,"GB55669"
1022.74354990519,-2.27460398929797,0.157780015478562,-14.4162996967574,4.0867293241035e-47,1.1588431839661e-44,"GB55701"
338.879240929261,-1.93361046564319,0.199564338620422,-9.68915828855064,3.35280340457739e-22,3.90042796065837e-20,"GB55705"
35.3292821068984,-3.44783937367322,0.61628940227189,-5.59451348824611,2.21241270489659e-08,6.56059898177505e-07,"GB55707"
206.439606878437,-1.42645096299835,0.258098017261646,-5.52678001223192,3.26161513566324e-08,9.4251841360534e-07,"GB55717"
764.701568331451,-0.641742163800644,0.147847521832067,-4.34056760538446,1.42115134940249e-05,0.000251865768446839,"GB55746"
472.32438899785,-0.562678423400975,0.178216841946921,-3.15726851207788,0.00159254626268585,0.0158451368285213,"GB55781"
219.553179501073,-0.677457145740111,0.220138952984391,-3.07740695845022,0.00208810012844422,0.0198610278464391,"GB55793"
37.9447531065167,-1.65308176568454,0.516723895552399,-3.19915873818323,0.00137829256421439,0.0141158315210851,"GB55864"
146.395396038881,-1.24369557173618,0.326525453392712,-3.80887786484561,0.000139598887381268,0.00191058869396323,"GB55881"
560.910476657073,-0.862508213559636,0.213323023593883,-4.04320264652562,5.27260122014927e-05,0.000808168639723555,"GB55888"
89.7210027860322,-1.44271129768982,0.345987270130471,-4.169839246241,3.04814568004975e-05,0.000497461760805242,"GB55894"
1013.04116375242,-0.519784206330626,0.149997690952895,-3.46528138552384,0.000529676966680689,0.00616952683428787,"GB55929"
640.587393675837,-1.25511069048133,0.182448293294506,-6.87926791650137,6.0160922366309e-12,2.77106705356288e-10,"GB56009"
588.6017152379,-0.91031084492347,0.195861699012583,-4.64772259973599,3.35619833226833e-06,6.8282833334087e-05,"GB56018"
93.1324781901633,-1.52299234859208,0.412389054244132,-3.69309595615619,0.000221540380433689,0.00283534190698912,"GB56028"
